Circle,Region,Country,City,Organisation,Prospect Category,HQ / Primary Geography,Address / Office Location,Family / Founder / Strategic Nature,Known Sector Themes,TBP / Regional Corridor Relevance,Possible TBP Entry Point,Recommended Contact Route,Assigned Lead,Family Office Fit (20),Permanent-Capital Orientation (20),Governance & Institutional Mindset (15),Engagement Readiness (10),Sector Alignment (20),Strategic Adjacency to TBP (15),Total Score,Classification,Priority,Pipeline Stage,Scoring Status,Public Source URLs,Notes / Diligence Flags,Email address,Contact Email Status,Contact Email Source URLs,Contact Email Notes,Contact Enrichment Date,Source File,Alternate Names
Family Office,,Switzerland,,Lombard Odier,,"Switzerland (Headquarters, Geneva) with an international outlook and 25+ offices worldwide.","Geneva, Switzerland",,Private Equity; Private Debt; Real Estate; Infrastructure; Clean Energy Transition; Digital Infrastructure; AI,,,,,20,20,15,0,18.93,15.0,88.93,Priority Founding Steward Prospect,Priority,Identified,"Indicative scored - AI generated, review required",https://vertexaisearch.cloud.google.com/grounding-api-redirect/AUZIYQHl7m5lJcrNZrNR9ieqKByEpYAJEPEZq52tCNfTmTYtIbuzKGlVcC_0C0yE44xQIfCyQ0_N90axtjJBpke1xkxD3mUwkpD0LWiwr1d8WAVSAFKOIm6DjqqJAJLnbfQC120mBE26qes8jk9lB1SWgmQ72JVIYJjPLNmZ2K76tg==; https://vertexaisearch.cloud.google.com/grounding-api-redirect/AUZIYQE6FuSZMYXTmKHWSk2IzDOIPUFXavtGR3QxTWsuJ8pizS71vIqX_Aemsb__MV-CJbPUYMQmS1aeA0tfHgBog0mGplksCA7zmik-o46cIp7CulaSS_NoBXPk8FGLg6cQcr2YXBph7qk0pnJ9gKcGf2EPUKfTclOBrL2gk1KuNXGE4WqM13lSCGMrUVatPw==; https://vertexaisearch.cloud.google.com/grounding-api-redirect/AUZIYQFu9V4hFIhkrk8GMpWGzuSU03CHFmCn1clOsXy5cPWYnMfW7s7QAvSGLtwBnGHNuO7AProGDSLOzACvdn5guVYKHVUG60YiqDAoeHfojd-W5km7ToHmwKDBP9vgjTqgtFwvxfPk4RGdl7ZlrGIXQ8NGsNd0Kj3krijB1eD0kXDx7fjOf9oB8aLV2vTSJCWOhhaCZ9zPyA==; https://vertexaisearch.cloud.google.com/grounding-api-redirect/AUZIYQFxEQWrrhluyFJBW3mG5nPdyAhcTO9WXzj73ZhLyy5RiO89I7ONG3ober95Afi2pqRqCGwFVGaYIPr8Hiylosn07yADRqMSbuxJYOhYLy8zK95CGeiPl855DbhqZxnny69c; https://vertexaisearch.cloud.google.com/grounding-api-redirect/AUZIYQGP0sxMYP_pOXrxWPbWcHzfCVjk9xsbDi3YxDsDy8vzusNh5M8GrfpMxbFSaE87CSYrKS8haTqJJ0VYyQ-Rjq0iXE9LmNqNVZzK44-8ZEpI4bio8drlp-dMyYLBLyUl2Fwdjje2WMw8Cld__nGyw-57LtlJV2eHJfNdYSwDI7_Y5BsvXc76qEkiJKtxDJzvVAXcHA==; https://vertexaisearch.cloud.google.com/grounding-api-redirect/AUZIYQGe6fYhejP5Hekc9JRj6mC_o9ta67rUIOICq4NvM7OrCLqx4fPfQrilEl8IA6S40KkHinVuNq9PnrKnGKWiAdK6F-iSaS39GxRK9idlcRvjtkEVyinQU9gvb4VL1YgghRx7KdXa6oOCN5UmlfjP_fesgt5vZK2bk27N4hXQ6Pka6YQgWJeX8vgFJjNzzccFdx6h8Ncu1KocT9e_4uKMhlQbteA1qbzCuaNe6HdBd4JtZfR8EFBNgPvMAhgSwccvcFoNrQLfgSAmY1MkBLJvdw==,"Not yet reviewed - AI discovery/scoring only, no due-diligence screen performed",,Needs Verification,https://vertexaisearch.cloud.google.com/grounding-api-redirect/AUZIYQHl7m5lJcrNZrNR9ieqKByEpYAJEPEZq52tCNfTmTYtIbuzKGlVcC_0C0yE44xQIfCyQ0_N90axtjJBpke1xkxD3mUwkpD0LWiwr1d8WAVSAFKOIm6DjqqJAJLnbfQC120mBE26qes8jk9lB1SWgmQ72JVIYJjPLNmZ2K76tg==; https://vertexaisearch.cloud.google.com/grounding-api-redirect/AUZIYQE6FuSZMYXTmKHWSk2IzDOIPUFXavtGR3QxTWsuJ8pizS71vIqX_Aemsb__MV-CJbPUYMQmS1aeA0tfHgBog0mGplksCA7zmik-o46cIp7CulaSS_NoBXPk8FGLg6cQcr2YXBph7qk0pnJ9gKcGf2EPUKfTclOBrL2gk1KuNXGE4WqM13lSCGMrUVatPw==; https://vertexaisearch.cloud.google.com/grounding-api-redirect/AUZIYQFu9V4hFIhkrk8GMpWGzuSU03CHFmCn1clOsXy5cPWYnMfW7s7QAvSGLtwBnGHNuO7AProGDSLOzACvdn5guVYKHVUG60YiqDAoeHfojd-W5km7ToHmwKDBP9vgjTqgtFwvxfPk4RGdl7ZlrGIXQ8NGsNd0Kj3krijB1eD0kXDx7fjOf9oB8aLV2vTSJCWOhhaCZ9zPyA==; https://vertexaisearch.cloud.google.com/grounding-api-redirect/AUZIYQFxEQWrrhluyFJBW3mG5nPdyAhcTO9WXzj73ZhLyy5RiO89I7ONG3ober95Afi2pqRqCGwFVGaYIPr8Hiylosn07yADRqMSbuxJYOhYLy8zK95CGeiPl855DbhqZxnny69c; https://vertexaisearch.cloud.google.com/grounding-api-redirect/AUZIYQGP0sxMYP_pOXrxWPbWcHzfCVjk9xsbDi3YxDsDy8vzusNh5M8GrfpMxbFSaE87CSYrKS8haTqJJ0VYyQ-Rjq0iXE9LmNqNVZzK44-8ZEpI4bio8drlp-dMyYLBLyUl2Fwdjje2WMw8Cld__nGyw-57LtlJV2eHJfNdYSwDI7_Y5BsvXc76qEkiJKtxDJzvVAXcHA==; https://vertexaisearch.cloud.google.com/grounding-api-redirect/AUZIYQGe6fYhejP5Hekc9JRj6mC_o9ta67rUIOICq4NvM7OrCLqx4fPfQrilEl8IA6S40KkHinVuNq9PnrKnGKWiAdK6F-iSaS39GxRK9idlcRvjtkEVyinQU9gvb4VL1YgghRx7KdXa6oOCN5UmlfjP_fesgt5vZK2bk27N4hXQ6Pka6YQgWJeX8vgFJjNzzccFdx6h8Ncu1KocT9e_4uKMhlQbteA1qbzCuaNe6HdBd4JtZfR8EFBNgPvMAhgSwccvcFoNrQLfgSAmY1MkBLJvdw==,,2026-07-14_0934,switzerland_2026-07-14_0934.json,
Family Office,,Luxembourg,,L-GAM,,Western Europe.,"11-13 Boulevard de la Foire, L-1528 Luxembourg, Grand-Duché de Luxembourg.",,Consumer Goods & Retail; Computer & Consumer Electronics; Business & Industrial Products; Business & Industrial Services; Consumer Services; Energy & Environment; Transportation,,,,,14,14,15,7,20.0,15.0,85.0,Priority Founding Steward Prospect,Priority,Identified,"Indicative scored - AI generated, review required",https://vertexaisearch.cloud.google.com/grounding-api-redirect/AUZIYQHIOv4GvFiejPeOXNK0QYZ0SaY_PnB5Kb4Ed9E7LSGXm6pn1yOIADOIkndsRJfZwndV_QN111LV3WdNjoG4ycxM___fOL64QZKULjGMSVMH_5JSwJjqwjDSChVCIqpp4D0euWRvA4IH-pSyKUwdoBERgFI=; https://vertexaisearch.cloud.google.com/grounding-api-redirect/AUZIYQFTxGjo7r6ttz_k8W6WClIjdAtyZSGd9MDU_Kahy7zpDm8KH9v_0XuBWgoIYG_XuyMnyTLL7NX43OZORS7pPPOvaw6seLPM2oj0mWAvTWJacrOpmaLZ4yIWbybH0uzkehAO8vHBzkF7ODXM1xdiFpeE3eP_rkIC6uIgILY=; https://vertexaisearch.cloud.google.com/grounding-api-redirect/AUZIYQFob4vC_4gLdY1Naiv-YonNXc5kyuUUnNe4krQ92eCsr8qdEDaTgKJcBOW8OFbH6xZoNSqx_oxoi9Qo5xXOiG0iB_SrRidqRcoK6w38QpiBwRe5NSTEBAEUmIE7; https://vertexaisearch.cloud.google.com/grounding-api-redirect/AUZIYQEmxqRjbw9Mu66BlztTuY4iLn3aZn2jNkFCwR6CqsJoJwCPYLWfxXOn1xzl-PnKCXH0mLfoA-0aT02BUnX7oeAyqJ1U1eCuUbYYiN-H_RZhu8hAgfVqscLDPA==; https://vertexaisearch.cloud.google.com/grounding-api-redirect/AUZIYQEzdOdV4U10D4x2SQqahSEbxzmAp3csxGBlBtgLUlWFWl8qfERl145tGusBm3XD_a-3d7DGeOl6zE5qrSIvDob5cdjpiJfHWGRn8vVxOtJ5gmR-XvbvoQ6znJAWX1E=,"Not yet reviewed - AI discovery/scoring only, no due-diligence screen performed",info@l-gam.com,Found,https://vertexaisearch.cloud.google.com/grounding-api-redirect/AUZIYQHIOv4GvFiejPeOXNK0QYZ0SaY_PnB5Kb4Ed9E7LSGXm6pn1yOIADOIkndsRJfZwndV_QN111LV3WdNjoG4ycxM___fOL64QZKULjGMSVMH_5JSwJjqwjDSChVCIqpp4D0euWRvA4IH-pSyKUwdoBERgFI=; https://vertexaisearch.cloud.google.com/grounding-api-redirect/AUZIYQFTxGjo7r6ttz_k8W6WClIjdAtyZSGd9MDU_Kahy7zpDm8KH9v_0XuBWgoIYG_XuyMnyTLL7NX43OZORS7pPPOvaw6seLPM2oj0mWAvTWJacrOpmaLZ4yIWbybH0uzkehAO8vHBzkF7ODXM1xdiFpeE3eP_rkIC6uIgILY=; https://vertexaisearch.cloud.google.com/grounding-api-redirect/AUZIYQFob4vC_4gLdY1Naiv-YonNXc5kyuUUnNe4krQ92eCsr8qdEDaTgKJcBOW8OFbH6xZoNSqx_oxoi9Qo5xXOiG0iB_SrRidqRcoK6w38QpiBwRe5NSTEBAEUmIE7; https://vertexaisearch.cloud.google.com/grounding-api-redirect/AUZIYQEmxqRjbw9Mu66BlztTuY4iLn3aZn2jNkFCwR6CqsJoJwCPYLWfxXOn1xzl-PnKCXH0mLfoA-0aT02BUnX7oeAyqJ1U1eCuUbYYiN-H_RZhu8hAgfVqscLDPA==; https://vertexaisearch.cloud.google.com/grounding-api-redirect/AUZIYQEzdOdV4U10D4x2SQqahSEbxzmAp3csxGBlBtgLUlWFWl8qfERl145tGusBm3XD_a-3d7DGeOl6zE5qrSIvDob5cdjpiJfHWGRn8vVxOtJ5gmR-XvbvoQ6znJAWX1E=,,2026-07-09_0953,luxembourg_2026-07-09_0953.json,
Family Office,,United Arab Emirates,,AlNowais Investments,,"Abu Dhabi, UAE (primarily active in MENA region)","Abu Dhabi, UAE",,Energy; Infrastructure; Engineering and Construction; Oilfield Services; Healthcare; Communication Systems and Technology; Real Estate; Hospitality,,,,,20,8,15,10,20.0,8.33,81.33,Priority Founding Steward Prospect,Priority,Identified,"Indicative scored - AI generated, review required",https://vertexaisearch.cloud.google.com/grounding-api-redirect/AUZIYQHoDGj2x4dTFXZxbYtO6jEkxPt-cKRF5rcDn0BF6ycXvSzEQTRtq9ezFaAK3NezsqvZewRtIdOTvI1eTnSrn3EigDN6WySgAnIjg_b5hhzPnxnn5u63qkxiswpq5wtQij-EFlY5B046HGoM-FuZhZR4q7r3-emOdg==; https://vertexaisearch.cloud.google.com/grounding-api-redirect/AUZIYQEn6mQ3g0KvWiRLW2AIFjExu7nX9aD-K6-F61-Fqrio9bgvrNsE04X6OK3PaEn73hMinZi1HIn2rItim6E0qLPqy4jbjFCqnOp5YmzwkKPSWlhCaiTo6AA7rkWhZQrbqLEWZf4pWvMPNSxB7_fB0t0BPfETsWctKKBx8kfHcASCKekOww==; https://vertexaisearch.cloud.google.com/grounding-api-redirect/AUZIYQGomLgrUY7AiXZygZA8K3Ah4Rzi7y-TWdDAfdmnU6eFOHNXD8poGA9DY6u0dXin_fclpv-G1OXzDBLBaM629-YxBWCHR8mQ0srvR4BSAXvd7yfcrSE=; https://vertexaisearch.cloud.google.com/grounding-api-redirect/AUZIYQEudx3ftSBVgui7OesnQlEeb5RXrR5B0Y5-Mpkxct35csex2eo0PvvY0lDgFe6RyitCJKX6LMzHr-Pq5YE3GVs6JHyPBqhGgTivoPo5xHKQXiIkjpKzcwe6ofc=; https://vertexaisearch.cloud.google.com/grounding-api-redirect/AUZIYQFWiRpY1S0Uo02C1RYtul-SCHjljMTsZSkC5tgW4yG2fM8iiUlLgWW0eoa3iuhZvMvXXxlKreTfRmURaSQRtAYrfOkqvt0QIA4ipvtqhsV2EF6Fzfv1si66KTO-v2hXsmiwUCydMJyYGFAPHjrq,"Not yet reviewed - AI discovery/scoring only, no due-diligence screen performed",,Needs Verification,https://vertexaisearch.cloud.google.com/grounding-api-redirect/AUZIYQHoDGj2x4dTFXZxbYtO6jEkxPt-cKRF5rcDn0BF6ycXvSzEQTRtq9ezFaAK3NezsqvZewRtIdOTvI1eTnSrn3EigDN6WySgAnIjg_b5hhzPnxnn5u63qkxiswpq5wtQij-EFlY5B046HGoM-FuZhZR4q7r3-emOdg==; https://vertexaisearch.cloud.google.com/grounding-api-redirect/AUZIYQEn6mQ3g0KvWiRLW2AIFjExu7nX9aD-K6-F61-Fqrio9bgvrNsE04X6OK3PaEn73hMinZi1HIn2rItim6E0qLPqy4jbjFCqnOp5YmzwkKPSWlhCaiTo6AA7rkWhZQrbqLEWZf4pWvMPNSxB7_fB0t0BPfETsWctKKBx8kfHcASCKekOww==; https://vertexaisearch.cloud.google.com/grounding-api-redirect/AUZIYQGomLgrUY7AiXZygZA8K3Ah4Rzi7y-TWdDAfdmnU6eFOHNXD8poGA9DY6u0dXin_fclpv-G1OXzDBLBaM629-YxBWCHR8mQ0srvR4BSAXvd7yfcrSE=; https://vertexaisearch.cloud.google.com/grounding-api-redirect/AUZIYQEudx3ftSBVgui7OesnQlEeb5RXrR5B0Y5-Mpkxct35csex2eo0PvvY0lDgFe6RyitCJKX6LMzHr-Pq5YE3GVs6JHyPBqhGgTivoPo5xHKQXiIkjpKzcwe6ofc=; https://vertexaisearch.cloud.google.com/grounding-api-redirect/AUZIYQFWiRpY1S0Uo02C1RYtul-SCHjljMTsZSkC5tgW4yG2fM8iiUlLgWW0eoa3iuhZvMvXXxlKreTfRmURaSQRtAYrfOkqvt0QIA4ipvtqhsV2EF6Fzfv1si66KTO-v2hXsmiwUCydMJyYGFAPHjrq,,2026-07-09_0941,united_arab_emirates_2026-07-09_0941.json,
Family Office,,United Arab Emirates,,Al Fardan Holding,,"Dubai, UAE (primarily active in MENA region)","Dubai, UAE",,Fintech; AI; SpaceTech; Quantum Computing; Green Energy; Real Estate; Technology; Digital Infrastructure; Web3 & Decentralised Finance; Enterprise SaaS & Infrastructure,,,,,20,8,15,10,16.53,11.75,81.28,Priority Founding Steward Prospect,Priority,Identified,"Indicative scored - AI generated, review required",https://vertexaisearch.cloud.google.com/grounding-api-redirect/AUZIYQGBDwovhTJqMg1ACu5NJ91PeZPnfuuXTbobUsJ_0o4dngRVOZpFM-jPnYEIhWOhDCOedmLT1ndFPcSXU-uJiKoba9bF8ySVVoFae0iDPCAO8CHadxkpfGb_ceIhEQ==; https://vertexaisearch.cloud.google.com/grounding-api-redirect/AUZIYQHEQGowp6LlCTgBYPZKmJuKb5ral48pryoQhH3HJQD8JBogrqZiwc0E1ER50EJ5NIGrCjuDazUFXY85d897vtQirp1deNFV54y9sEsdbw6FqyLToAwoRyGqAUaQuA==; https://vertexaisearch.cloud.google.com/grounding-api-redirect/AUZIYQFXZ0kEiHnnkUO-VQixiGLmRhkE3V7vSmle9sbv0H3q6Y4en3ilvQbK1mtbW_3ixOlQR9tJYBGzHWwENFIrwwJLZCKxqpxaYrBJxfNqA8fzjRSrK1YZdzOjsTuyTKrX12duTwT9ckLdsgKPwA==; https://vertexaisearch.cloud.google.com/grounding-api-redirect/AUZIYQEMB6D47wQVWQ0SGu_krpSEUvDcu44HVOdsess4cnKdUWdjFdMhG-JMp53_XjLPbNnZzek3mDOCSxP8mb69T4ahL8WOR8JybFCv2gSl1IbgStp1xrciC2nqiDkgErpxkmIRlXLD,"Not yet reviewed - AI discovery/scoring only, no due-diligence screen performed",info@alfardan.co,Found,https://vertexaisearch.cloud.google.com/grounding-api-redirect/AUZIYQGBDwovhTJqMg1ACu5NJ91PeZPnfuuXTbobUsJ_0o4dngRVOZpFM-jPnYEIhWOhDCOedmLT1ndFPcSXU-uJiKoba9bF8ySVVoFae0iDPCAO8CHadxkpfGb_ceIhEQ==; https://vertexaisearch.cloud.google.com/grounding-api-redirect/AUZIYQHEQGowp6LlCTgBYPZKmJuKb5ral48pryoQhH3HJQD8JBogrqZiwc0E1ER50EJ5NIGrCjuDazUFXY85d897vtQirp1deNFV54y9sEsdbw6FqyLToAwoRyGqAUaQuA==; https://vertexaisearch.cloud.google.com/grounding-api-redirect/AUZIYQFXZ0kEiHnnkUO-VQixiGLmRhkE3V7vSmle9sbv0H3q6Y4en3ilvQbK1mtbW_3ixOlQR9tJYBGzHWwENFIrwwJLZCKxqpxaYrBJxfNqA8fzjRSrK1YZdzOjsTuyTKrX12duTwT9ckLdsgKPwA==; https://vertexaisearch.cloud.google.com/grounding-api-redirect/AUZIYQEMB6D47wQVWQ0SGu_krpSEUvDcu44HVOdsess4cnKdUWdjFdMhG-JMp53_XjLPbNnZzek3mDOCSxP8mb69T4ahL8WOR8JybFCv2gSl1IbgStp1xrciC2nqiDkgErpxkmIRlXLD,,2026-07-09_0941,united_arab_emirates_2026-07-09_0941.json,
Family Office,,Switzerland,,Swiss Family Partners,,Switzerland,"Switzerland (implied from name and website, founders' emails)",,Real Estate; Equity Stakes; Digital Assets; AI; Robotics; Health Solutions,,,,,20,20,15,10,15.87,0.0,80.87,Priority Founding Steward Prospect,Priority,Identified,"Indicative scored - AI generated, review required",https://vertexaisearch.cloud.google.com/grounding-api-redirect/AUZIYQGzr-lOUwkKUWCLZ_TciE5SiLemFYd5S9ihYpqDfmC71WFN8h3sWZT8_ghGtB4-J5o9Yk4lO50m0ljQbv0JvJtr855pypmlJpm72Y3mJCTWRA6dBnc=; https://vertexaisearch.cloud.google.com/grounding-api-redirect/AUZIYQH58yARZoHf33SPAfgcZtBs-qy2MuI-dQKZJTEMkjUacYagEdVAawikCE5Z5ux534Z462IpiM-DlGKyIBknscV86bb3L-UbI7gzEVI4weWo3DMU7jjnIWci-GwjXQ==,"Not yet reviewed - AI discovery/scoring only, no due-diligence screen performed",info@swiss-fp.com,Found,https://vertexaisearch.cloud.google.com/grounding-api-redirect/AUZIYQGzr-lOUwkKUWCLZ_TciE5SiLemFYd5S9ihYpqDfmC71WFN8h3sWZT8_ghGtB4-J5o9Yk4lO50m0ljQbv0JvJtr855pypmlJpm72Y3mJCTWRA6dBnc=; https://vertexaisearch.cloud.google.com/grounding-api-redirect/AUZIYQH58yARZoHf33SPAfgcZtBs-qy2MuI-dQKZJTEMkjUacYagEdVAawikCE5Z5ux534Z462IpiM-DlGKyIBknscV86bb3L-UbI7gzEVI4weWo3DMU7jjnIWci-GwjXQ==,,2026-07-14_0934,switzerland_2026-07-14_0934.json,
Family Office,,United Arab Emirates,,Private Department of Sheikh Mohammed Bin Khalid Al Nahyan,,"Abu Dhabi, UAE (with global and regional interests)","Abu Dhabi, UAE",,Energy (Liquefied Natural Gas); Infrastructure; Real Estate; Hospitality; Financial Services,,,,,20,8,10,7,16.8,15.0,76.8,Strong Potential Prospect,Strong,Identified,"Indicative scored - AI generated, review required",https://vertexaisearch.cloud.google.com/grounding-api-redirect/AUZIYQG2icrDr_EefBFTZZYlWPK_H8gJ90O_X5jj-dTbdOxbz_QWdF8YKsE6p2BQRnSD3QVxdc_MQN2KEZ3rBEP_nQB_Clm_ZBNqxvH1uK21fauOwIqDAzoNPUWMtAz6a8DtHERS2cmNuEH82wM579WSvVPF0CZhyooWQOrUwjskuIXmlyu86guDTw==; https://vertexaisearch.cloud.google.com/grounding-api-redirect/AUZIYQGQqqqwQtafZSie2035dv9jvYCEoo8BeaTiaNExWBoED85Dgaeam04-56Dqw68vCM2N_Lh9QhBJT8JE-91M8GnBHiWeRcmujIGH9Zwe-sLLJu6E3btDLI88Ri6vVsw-PCYhjB2oIQDHjlPwj8WbZkfHprBrgzLc9NftE-XTiCxrooegd5zWornTlFBMhtXU7zscqMQ3naFI5ItQGMwLkMO6HW5paDcwWe1k2kTx_sMLmZclYfEh4D7VxbpgI-P-bi4i2RqQLyYMlJi9GiYfXJOul_g1aw=,"Not yet reviewed - AI discovery/scoring only, no due-diligence screen performed",,Needs Verification,https://vertexaisearch.cloud.google.com/grounding-api-redirect/AUZIYQG2icrDr_EefBFTZZYlWPK_H8gJ90O_X5jj-dTbdOxbz_QWdF8YKsE6p2BQRnSD3QVxdc_MQN2KEZ3rBEP_nQB_Clm_ZBNqxvH1uK21fauOwIqDAzoNPUWMtAz6a8DtHERS2cmNuEH82wM579WSvVPF0CZhyooWQOrUwjskuIXmlyu86guDTw==; https://vertexaisearch.cloud.google.com/grounding-api-redirect/AUZIYQGQqqqwQtafZSie2035dv9jvYCEoo8BeaTiaNExWBoED85Dgaeam04-56Dqw68vCM2N_Lh9QhBJT8JE-91M8GnBHiWeRcmujIGH9Zwe-sLLJu6E3btDLI88Ri6vVsw-PCYhjB2oIQDHjlPwj8WbZkfHprBrgzLc9NftE-XTiCxrooegd5zWornTlFBMhtXU7zscqMQ3naFI5ItQGMwLkMO6HW5paDcwWe1k2kTx_sMLmZclYfEh4D7VxbpgI-P-bi4i2RqQLyYMlJi9GiYfXJOul_g1aw=,,2026-07-09_0941,united_arab_emirates_2026-07-09_0941.json,
Family Office,,Luxembourg,,Arcus Infrastructure Partners,,European infrastructure assets.,"37A, Avenue J.F. Kennedy L-1855, Luxembourg.",,Digital Infrastructure; Logistics & Industrials; Transport; Energy; Telecoms,,,,,0,14,15,7,20.0,15.0,71.0,Strong Potential Prospect,Strong,Identified,"Indicative scored - AI generated, review required",https://vertexaisearch.cloud.google.com/grounding-api-redirect/AUZIYQHb7O6GOLcw6jYifFV9ALhfJlpwN8oP_Uj37xeNgSBL5fdvwWq00Uwv5nP1OHML0dVZSSe5vg-zaeZRnWBOjMV7DKWF3-EvjiRF0OSGc1RWvLUY8K4AxZcEPdafWA==; https://vertexaisearch.cloud.google.com/grounding-api-redirect/AUZIYQGWVcDBycHW9AiCF3q26ZYf_P65dK1krT3SjNpbvkjJZ7rHbVAHHcgws5gOLd84GZPrOFaZeqHC6Cz_XKvvwNAnpQvCfkT4jfkmvqobvZkXwrmj8cNwu4IE51T9sU5klW60bmrzy_Gn2K6obU3n0jZC; https://vertexaisearch.cloud.google.com/grounding-api-redirect/AUZIYQEkGgVVgR-FJAei1XKpx0E2vUceosiAYXqzKZBMd0OGV9USczahhMH8pxcnUyBo6fh0Af7OpFN5vVUkfY_w1FWGB2SLFxaOfs9E8yLdPrmoJr0Eh4Qb7d7937H9oEDd7bwGRLK9ZSyIUApqCP2tqgoK4YXvMIPr_WOC6bewCWkZFO59L6ZvPHwjeTIjTpurg4g=; https://vertexaisearch.cloud.google.com/grounding-api-redirect/AUZIYQG0E67Swl2GtANPLLG-Kvt-QQpTTMlV7k0vcx26RmYOR877IVmo9sCkx3ruDv_R9ss4NUCu0GvxAs7APCa7eEkqrvbfqH3kJ5Cf5742ENfx; https://vertexaisearch.cloud.google.com/grounding-api-redirect/AUZIYQET0qQRfYsR-__ka2QSwFmiLnciy6F2tt_gRkqXO99XAn6wi8Pox0TzDck9SkVF9CYInP-spq-8vd6VV6C8pgnZut_KVZ3vY7Kt5wA5KELfFA6NpGS1Y6ftqOJypwctlirAqOft1hj4MDqwC_o9kGVeXUj9Jj14XBtV_uyD8MOryMGM6nBjnzY16ZidtCF-rXcneCUQ,"Not yet reviewed - AI discovery/scoring only, no due-diligence screen performed",investor.relations@arcusip.com,Found,https://vertexaisearch.cloud.google.com/grounding-api-redirect/AUZIYQHb7O6GOLcw6jYifFV9ALhfJlpwN8oP_Uj37xeNgSBL5fdvwWq00Uwv5nP1OHML0dVZSSe5vg-zaeZRnWBOjMV7DKWF3-EvjiRF0OSGc1RWvLUY8K4AxZcEPdafWA==; https://vertexaisearch.cloud.google.com/grounding-api-redirect/AUZIYQGWVcDBycHW9AiCF3q26ZYf_P65dK1krT3SjNpbvkjJZ7rHbVAHHcgws5gOLd84GZPrOFaZeqHC6Cz_XKvvwNAnpQvCfkT4jfkmvqobvZkXwrmj8cNwu4IE51T9sU5klW60bmrzy_Gn2K6obU3n0jZC; https://vertexaisearch.cloud.google.com/grounding-api-redirect/AUZIYQEkGgVVgR-FJAei1XKpx0E2vUceosiAYXqzKZBMd0OGV9USczahhMH8pxcnUyBo6fh0Af7OpFN5vVUkfY_w1FWGB2SLFxaOfs9E8yLdPrmoJr0Eh4Qb7d7937H9oEDd7bwGRLK9ZSyIUApqCP2tqgoK4YXvMIPr_WOC6bewCWkZFO59L6ZvPHwjeTIjTpurg4g=; https://vertexaisearch.cloud.google.com/grounding-api-redirect/AUZIYQG0E67Swl2GtANPLLG-Kvt-QQpTTMlV7k0vcx26RmYOR877IVmo9sCkx3ruDv_R9ss4NUCu0GvxAs7APCa7eEkqrvbfqH3kJ5Cf5742ENfx; https://vertexaisearch.cloud.google.com/grounding-api-redirect/AUZIYQET0qQRfYsR-__ka2QSwFmiLnciy6F2tt_gRkqXO99XAn6wi8Pox0TzDck9SkVF9CYInP-spq-8vd6VV6C8pgnZut_KVZ3vY7Kt5wA5KELfFA6NpGS1Y6ftqOJypwctlirAqOft1hj4MDqwC_o9kGVeXUj9Jj14XBtV_uyD8MOryMGM6nBjnzY16ZidtCF-rXcneCUQ,,2026-07-09_0953,luxembourg_2026-07-09_0953.json,
Family Office,,Switzerland,,Jacobs Holding AG,,"Switzerland (Headquarters), Pan-European focus for investments","Mainaustrasse 2, 8008 Zürich, Switzerland",,Business Services; Consumer; Education; Healthcare; Infrastructure; Technology,,,,,20,20,15,7,8.96,0.0,70.96,Strong Potential Prospect,Strong,Identified,"Indicative scored - AI generated, review required",https://vertexaisearch.cloud.google.com/grounding-api-redirect/AUZIYQH1l-TbEp616U2gFLs3myMWhe1Fe4PvpYRan4Rx2psqHGsOgsBYZYDXO_KOMU95bO3jkwMgd3WGraJVnMDsiqyb1-QzX-N25dmgziXcLB_O7PJ4aTUOhQT6vRLBYNZcwR1jHTrWTb0GqQr2K5nhWir6KOUpiY2aNgUboVCjaPsiDzQy28371tJFog7p5iEBY_wslUozUtK-QLJJ_RmCMdXAkwswIMv9; https://vertexaisearch.cloud.google.com/grounding-api-redirect/AUZIYQHlw_iZlZqYnKmtpj9WPrxJGtnImjEj6xE7AJgxdJJNex_dive1ZPSNC3Wy-nv-32J4lRL-N_e8xNaKosf6q1EOvFe6ECZqCtOE0WmauMXZdRSFCrrTVyv0rn_kBX8dUH_F4OjN6A==; https://vertexaisearch.cloud.google.com/grounding-api-redirect/AUZIYQH1gdCPLF7pmsDaUm_jVA_bDJ_EvpOBnraRLKHRjwEcJ1UjFUa64QuMiS1q7B6k4axpmV63VA-ySl8ecpgdurSyI9eAkyZ7d2EjiS069vWMLbkXcCcLcQwmWISUOBXMf4PCXJAVmpJnVWVSbBzdrRmqR_CtinL-VjPT5RxA9YnchvqU60YZFs63_w==; https://vertexaisearch.cloud.google.com/grounding-api-redirect/AUZIYQEtnVozQyE-j1wZkNa63IQbOHGPP2B7m_4N_Iunu7CBi2ksEULDnJTRrPRfbCsMj5TxIQeUSiq0bWnw3D1RIQ8-MEr1Vmb9ZjeTVDbQfYpp7dhtaKkmbLqtoXzh9NczRuYFIg==; https://vertexaisearch.cloud.google.com/grounding-api-redirect/AUZIYQGO_UcofvUX-myNj5Pk1IfNpHrseeSIRxsFKl0PFWqzowWCzwoUKBGM5DjNSlNY_9tH2q4wgasFAidwNi6F8cBXQ5CJeKniSqHqdGd6TbEh5yEZ2Bi0OZWOazQ=,"Not yet reviewed - AI discovery/scoring only, no due-diligence screen performed",info@jacobscap.com,Found,https://vertexaisearch.cloud.google.com/grounding-api-redirect/AUZIYQH1l-TbEp616U2gFLs3myMWhe1Fe4PvpYRan4Rx2psqHGsOgsBYZYDXO_KOMU95bO3jkwMgd3WGraJVnMDsiqyb1-QzX-N25dmgziXcLB_O7PJ4aTUOhQT6vRLBYNZcwR1jHTrWTb0GqQr2K5nhWir6KOUpiY2aNgUboVCjaPsiDzQy28371tJFog7p5iEBY_wslUozUtK-QLJJ_RmCMdXAkwswIMv9; https://vertexaisearch.cloud.google.com/grounding-api-redirect/AUZIYQHlw_iZlZqYnKmtpj9WPrxJGtnImjEj6xE7AJgxdJJNex_dive1ZPSNC3Wy-nv-32J4lRL-N_e8xNaKosf6q1EOvFe6ECZqCtOE0WmauMXZdRSFCrrTVyv0rn_kBX8dUH_F4OjN6A==; https://vertexaisearch.cloud.google.com/grounding-api-redirect/AUZIYQH1gdCPLF7pmsDaUm_jVA_bDJ_EvpOBnraRLKHRjwEcJ1UjFUa64QuMiS1q7B6k4axpmV63VA-ySl8ecpgdurSyI9eAkyZ7d2EjiS069vWMLbkXcCcLcQwmWISUOBXMf4PCXJAVmpJnVWVSbBzdrRmqR_CtinL-VjPT5RxA9YnchvqU60YZFs63_w==; https://vertexaisearch.cloud.google.com/grounding-api-redirect/AUZIYQEtnVozQyE-j1wZkNa63IQbOHGPP2B7m_4N_Iunu7CBi2ksEULDnJTRrPRfbCsMj5TxIQeUSiq0bWnw3D1RIQ8-MEr1Vmb9ZjeTVDbQfYpp7dhtaKkmbLqtoXzh9NczRuYFIg==; https://vertexaisearch.cloud.google.com/grounding-api-redirect/AUZIYQGO_UcofvUX-myNj5Pk1IfNpHrseeSIRxsFKl0PFWqzowWCzwoUKBGM5DjNSlNY_9tH2q4wgasFAidwNi6F8cBXQ5CJeKniSqHqdGd6TbEh5yEZ2Bi0OZWOazQ=,,2026-07-14_0934,switzerland_2026-07-14_0934.json,
Family Office,,Qatar,,Al Faisal Holding,,"Primarily Qatar, with global real estate portfolio across the U.S., Europe, North Africa, and the GCC. Interested in US investments and partnerships with American firms entering Qatar.","City Tower, Floor 20, Omar bin Khatab Street, West Bay, Doha, Qatar",,Real Estate; Hospitality; Trading and Distribution; Construction; Education; Services; Technology; Manufacturing; Healthcare; Energy; Digital Infrastructure,,,,,20,14,15,10,11.96,0.0,70.96,Strong Potential Prospect,Strong,Identified,"Indicative scored - AI generated, review required",https://vertexaisearch.cloud.google.com/grounding-api-redirect/AUZIYQH_8_dQcWFQhHxDTOkwO9z7ng8VYBE1_de4NlhxaZb2SUSQ8IO64OF6Fy6stVOp8KwsM-aZk_pBf4qTJfGsrUfI8P8FNgmswXhZlpUO5olpxFlPd0fpA2IgD8MZU9N6GzwmLg7LHmGmaIqq0yZQEjUG158oGUNJ220qb2l4ZOmBEc0qOPUI7x9EXIW3JgM=; https://vertexaisearch.cloud.google.com/grounding-api-redirect/AUZIYQF-F0z1LilDBPZ6pT-_MDx59GrCAnT0Nr75WZpPheRl9wbwkwYBmLYsOHd_ig9u-0KlNE1PeS7XnO7jTcyDRXKIw86t-0DiOUmZdaD9kZUeYfshlIxYrU2ZqY8rCBn923WpBUf1mIB7SxUis8TemUT5eQSsBBRuclvbH-NfOwB5Lmjdmhq6vuy7GWA_OBp7QogrghNq9mowirrnNl4esQFTxKDjFXIJ_1ftfSzbxXl6cPnfj8M=; https://vertexaisearch.cloud.google.com/grounding-api-redirect/AUZIYQFpwqOWd85mzBWeveXaTZHILIFVQnG8rHBDotIp1M-fxncC5skLYtk-wK_YnE-SKKBumoHui3q_4uin2OyRKt5fUXpptkvpKxEFtuw5GDTUdxI147Ei07SerQ7bLOMqzVf7; https://vertexaisearch.cloud.google.com/grounding-api-redirect/AUZIYQHVtZ0UTPeOOR-4T8_lzFVP_JncrMIBnrXL-Wf2F1BoeWVNp2-4JiM4DdW_fMFK521kMSi74ip44hsxxrbi7BFgEw3Ppvkq5mpYwprGu1tYN4N3vHbtvLRH9yWmLa7s11k0CPvb_XuP8oUuURalOtvScjQLSQ==; https://vertexaisearch.cloud.google.com/grounding-api-redirect/AUZIYQGsP8-U-xE3wcJJZNALYMYJwSCQmy8GL0OdMt3zRxFRGQrJlGaIlplNTf9p7drRKVWT5o2BAOsUH-7B8PknV2ndlTkyBM10gi8LMry94_JtzPeVQRW3WO3bNsPfSLT54TnLVDXa3BAA7wHaQP8PSP6c1Kw1KoI46PLUsbdIfo8RYTZuh2sJgzU=; https://vertexaisearch.cloud.google.com/grounding-api-redirect/AUZIYQEoVf8_2EFH5XPBPGm-K_j0hVMZKZvptn2SYfOUuzXmlvEIcWPec2SssgKQlsBv7oGWjEYJWzfLfmPbgtIqETZwy52J81klNrpYkE-TaoyjRbIk8-xIKOLO65FMBMzOavXX_ajj470PjWt6iZkCaHa0k5Ul1kG9Q1cm0MRwoitYVqNLnOy88gkHrb6MTkkGi-9D5R03FgFoQw==; https://vertexaisearch.cloud.google.com/grounding-api-redirect/AUZIYQGjiYbVk9xqUHrFrne0ndafbb4EpyBrgrFB7108vIhTHL92emHjVBMr7RtUaOY0QYlV6gNOTL0R7x6g_dhyeq1DQrf4y-4MyokhZUlgG2_G5OhrUSJN6uOiWSMTNoUd0So5Q73PUEKKB3mHBCndURKsLmmarmU2XHmV; https://vertexaisearch.cloud.google.com/grounding-api-redirect/AUZIYQF8-rlDjFyT5J_grVbtwSHLlC2fSb-etXlWi6euMc1ixA7j49BTz7w8G7uPYxzrthQdBkmx3PMDZR294ZxWTTQkqj-PjgDCgKd7CrgmZ2A2KzVV6KYpplUsPwBe8xSOrIWM4sTtZ1p5jtEE9pUFgRFZib4LtTNKRz3ObA==; http://www.alfaisalholding.com/,"Not yet reviewed - AI discovery/scoring only, no due-diligence screen performed",,Needs Verification,https://vertexaisearch.cloud.google.com/grounding-api-redirect/AUZIYQH_8_dQcWFQhHxDTOkwO9z7ng8VYBE1_de4NlhxaZb2SUSQ8IO64OF6Fy6stVOp8KwsM-aZk_pBf4qTJfGsrUfI8P8FNgmswXhZlpUO5olpxFlPd0fpA2IgD8MZU9N6GzwmLg7LHmGmaIqq0yZQEjUG158oGUNJ220qb2l4ZOmBEc0qOPUI7x9EXIW3JgM=; https://vertexaisearch.cloud.google.com/grounding-api-redirect/AUZIYQF-F0z1LilDBPZ6pT-_MDx59GrCAnT0Nr75WZpPheRl9wbwkwYBmLYsOHd_ig9u-0KlNE1PeS7XnO7jTcyDRXKIw86t-0DiOUmZdaD9kZUeYfshlIxYrU2ZqY8rCBn923WpBUf1mIB7SxUis8TemUT5eQSsBBRuclvbH-NfOwB5Lmjdmhq6vuy7GWA_OBp7QogrghNq9mowirrnNl4esQFTxKDjFXIJ_1ftfSzbxXl6cPnfj8M=; https://vertexaisearch.cloud.google.com/grounding-api-redirect/AUZIYQFpwqOWd85mzBWeveXaTZHILIFVQnG8rHBDotIp1M-fxncC5skLYtk-wK_YnE-SKKBumoHui3q_4uin2OyRKt5fUXpptkvpKxEFtuw5GDTUdxI147Ei07SerQ7bLOMqzVf7; https://vertexaisearch.cloud.google.com/grounding-api-redirect/AUZIYQHVtZ0UTPeOOR-4T8_lzFVP_JncrMIBnrXL-Wf2F1BoeWVNp2-4JiM4DdW_fMFK521kMSi74ip44hsxxrbi7BFgEw3Ppvkq5mpYwprGu1tYN4N3vHbtvLRH9yWmLa7s11k0CPvb_XuP8oUuURalOtvScjQLSQ==; https://vertexaisearch.cloud.google.com/grounding-api-redirect/AUZIYQGsP8-U-xE3wcJJZNALYMYJwSCQmy8GL0OdMt3zRxFRGQrJlGaIlplNTf9p7drRKVWT5o2BAOsUH-7B8PknV2ndlTkyBM10gi8LMry94_JtzPeVQRW3WO3bNsPfSLT54TnLVDXa3BAA7wHaQP8PSP6c1Kw1KoI46PLUsbdIfo8RYTZuh2sJgzU=; https://vertexaisearch.cloud.google.com/grounding-api-redirect/AUZIYQEoVf8_2EFH5XPBPGm-K_j0hVMZKZvptn2SYfOUuzXmlvEIcWPec2SssgKQlsBv7oGWjEYJWzfLfmPbgtIqETZwy52J81klNrpYkE-TaoyjRbIk8-xIKOLO65FMBMzOavXX_ajj470PjWt6iZkCaHa0k5Ul1kG9Q1cm0MRwoitYVqNLnOy88gkHrb6MTkkGi-9D5R03FgFoQw==; https://vertexaisearch.cloud.google.com/grounding-api-redirect/AUZIYQGjiYbVk9xqUHrFrne0ndafbb4EpyBrgrFB7108vIhTHL92emHjVBMr7RtUaOY0QYlV6gNOTL0R7x6g_dhyeq1DQrf4y-4MyokhZUlgG2_G5OhrUSJN6uOiWSMTNoUd0So5Q73PUEKKB3mHBCndURKsLmmarmU2XHmV; https://vertexaisearch.cloud.google.com/grounding-api-redirect/AUZIYQF8-rlDjFyT5J_grVbtwSHLlC2fSb-etXlWi6euMc1ixA7j49BTz7w8G7uPYxzrthQdBkmx3PMDZR294ZxWTTQkqj-PjgDCgKd7CrgmZ2A2KzVV6KYpplUsPwBe8xSOrIWM4sTtZ1p5jtEE9pUFgRFZib4LtTNKRz3ObA==; http://www.alfaisalholding.com/,,2026-07-09_0945,qatar_2026-07-09_0945.json,
Family Office,,Luxembourg,,Orascom TMT Investments,,Luxembourg (primary activity is likely global from Luxembourg),"Luxembourg, Luxembourg",,Alternative Investments; Financial Services; Industrials & Manufacturing; Infrastructure & Transportation; Technology,,,,,20,14,10,0,10.31,15.0,69.31,Strong Potential Prospect,Strong,Identified,"Indicative scored - AI generated, review required",https://vertexaisearch.cloud.google.com/grounding-api-redirect/AUZIYQFP1S1M6OY6mpIcFtgU2Fc-zVjPTBqNKYGu01ZBiQdQhppuJXZSD-x0w-wPOSWWS7kQVZH6no-JaXSexS9bR5A6DZImNuFxCjbR8HxiiGbuzJ5gHvu-V6gIRDTsfIL_BZLm2l4BTnnknDgk96gjkPzG7ghmDDXwtb6IYeULCTas_B_HSAi; https://vertexaisearch.cloud.google.com/grounding-api-redirect/AUZIYQEtml9d59TXpdAUM-ikDei8Ynt5fic3Ux0jNcdBhh-YYL9649e_EV4S9xSUEekN0hvBffptFbg7evuZRvqlG3W_sVM4EsvhBUek9gjPOdNSZZdWd81uuD23uSALQJmOyxlw4xTbXNMVXh7ClDARBU4Ia-U_gvR_lWmljBkAzqkY6bqI=,"Not yet reviewed - AI discovery/scoring only, no due-diligence screen performed",,Needs Verification,https://vertexaisearch.cloud.google.com/grounding-api-redirect/AUZIYQFP1S1M6OY6mpIcFtgU2Fc-zVjPTBqNKYGu01ZBiQdQhppuJXZSD-x0w-wPOSWWS7kQVZH6no-JaXSexS9bR5A6DZImNuFxCjbR8HxiiGbuzJ5gHvu-V6gIRDTsfIL_BZLm2l4BTnnknDgk96gjkPzG7ghmDDXwtb6IYeULCTas_B_HSAi; https://vertexaisearch.cloud.google.com/grounding-api-redirect/AUZIYQEtml9d59TXpdAUM-ikDei8Ynt5fic3Ux0jNcdBhh-YYL9649e_EV4S9xSUEekN0hvBffptFbg7evuZRvqlG3W_sVM4EsvhBUek9gjPOdNSZZdWd81uuD23uSALQJmOyxlw4xTbXNMVXh7ClDARBU4Ia-U_gvR_lWmljBkAzqkY6bqI=,,2026-07-09_0937,luxembourg_2026-07-09_0937.json,
Family Office,,Luxembourg,,Cube Infrastructure Managers,,"Europe (Western and Northern Europe focus for investments), with funds raised from institutional investors globally.","28-32, Place de la Gare L-1616 Luxembourg, Grand-Duché de Luxembourg.",,Energy Transition; Telecoms & Digital; Transport & Mobility; Environment; EV Charging,,,,,0,14,10,7,20.0,15.0,66.0,Strong Potential Prospect,Strong,Identified,"Indicative scored - AI generated, review required",https://vertexaisearch.cloud.google.com/grounding-api-redirect/AUZIYQGQYcfoVqRqUr7QcrQMkST8PIl3qIc8KJt026xBqWN4R6Vy-ApTsd1AiCA9UFIums76XoNDCxNFrQgko0l3BfNvwMAGkWRsLFIK3p78vN3oS7F5iiQbqYUD5i9CtiBT21QsMwcdDUxNKei_rzOqPdv6oMOBvyh9M8F7PV4a1A6poYBKtihzdguZWBacEyZQ; https://vertexaisearch.cloud.google.com/grounding-api-redirect/AUZIYQE_HK4xndtXGJgF2q74gtN6U2GH8nCrSnHr9qxpycaSOVPNa70xYv_0qOYGsxP3XhbasRIkfGF9lmNJKY-aPkc0KXh2F5e20DuGva0Gzbv17Wfo2dES5179Q6jTovWCsaIjre8Ij68axjvHO3BXrBdQkiBYLzTxbUCPWWDm; https://vertexaisearch.cloud.google.com/grounding-api-redirect/AUZIYQHdYyFDk5MBjssHHfN-klJ7JggTnNSGqmDlz7wlMsTJuzi0561QE1t_uDBXbuv2CAYruCbtZ1ggAF9aQeILv3L1GZNvKvFg7dYtZGdPrx7IbvJ0T6szAzcXD8kEAEPQTiTe6HQ_He2IuunZaw4bLHEqNXII2gXQ; https://vertexaisearch.cloud.google.com/grounding-api-redirect/AUZIYQFrX5QAt-aWfdyysXbA8xbmNItviL8udfjafkvihOYSfsxJx8miYu0rlJhUYU3xTWFcnHf_hQXXKivuKTPzaBg3hh0svAjCC5hkujUsJEs2n7IXB-ZPmlpiR5xgrBV5awIvOfiA-999R6YE-rxCcSfkj0_dpDCN3-s-5el2Su1DjcLaeBzHF0EhhHjofUU4rh_pedD1ld4_Uld2G1beRYq0Az6mm_X91jq4; https://vertexaisearch.cloud.google.com/grounding-api-redirect/AUZIYQGJ7r5MKm4PeHaqgNAlIbwXT-IXMLvhkMwOgthLrWIcqrHQ78nEH9BB0EYrSJ6AI3i4zy3QLalzs-C7YQbtYY2dPCBud41j-HCfkQ5by-q5-WJrmv5RSQ0MjCZpklqT,"Not yet reviewed - AI discovery/scoring only, no due-diligence screen performed",info@cubeinfrastructure.com,Found,https://vertexaisearch.cloud.google.com/grounding-api-redirect/AUZIYQGQYcfoVqRqUr7QcrQMkST8PIl3qIc8KJt026xBqWN4R6Vy-ApTsd1AiCA9UFIums76XoNDCxNFrQgko0l3BfNvwMAGkWRsLFIK3p78vN3oS7F5iiQbqYUD5i9CtiBT21QsMwcdDUxNKei_rzOqPdv6oMOBvyh9M8F7PV4a1A6poYBKtihzdguZWBacEyZQ; https://vertexaisearch.cloud.google.com/grounding-api-redirect/AUZIYQE_HK4xndtXGJgF2q74gtN6U2GH8nCrSnHr9qxpycaSOVPNa70xYv_0qOYGsxP3XhbasRIkfGF9lmNJKY-aPkc0KXh2F5e20DuGva0Gzbv17Wfo2dES5179Q6jTovWCsaIjre8Ij68axjvHO3BXrBdQkiBYLzTxbUCPWWDm; https://vertexaisearch.cloud.google.com/grounding-api-redirect/AUZIYQHdYyFDk5MBjssHHfN-klJ7JggTnNSGqmDlz7wlMsTJuzi0561QE1t_uDBXbuv2CAYruCbtZ1ggAF9aQeILv3L1GZNvKvFg7dYtZGdPrx7IbvJ0T6szAzcXD8kEAEPQTiTe6HQ_He2IuunZaw4bLHEqNXII2gXQ; https://vertexaisearch.cloud.google.com/grounding-api-redirect/AUZIYQFrX5QAt-aWfdyysXbA8xbmNItviL8udfjafkvihOYSfsxJx8miYu0rlJhUYU3xTWFcnHf_hQXXKivuKTPzaBg3hh0svAjCC5hkujUsJEs2n7IXB-ZPmlpiR5xgrBV5awIvOfiA-999R6YE-rxCcSfkj0_dpDCN3-s-5el2Su1DjcLaeBzHF0EhhHjofUU4rh_pedD1ld4_Uld2G1beRYq0Az6mm_X91jq4; https://vertexaisearch.cloud.google.com/grounding-api-redirect/AUZIYQGJ7r5MKm4PeHaqgNAlIbwXT-IXMLvhkMwOgthLrWIcqrHQ78nEH9BB0EYrSJ6AI3i4zy3QLalzs-C7YQbtYY2dPCBud41j-HCfkQ5by-q5-WJrmv5RSQ0MjCZpklqT,,2026-07-09_0953,luxembourg_2026-07-09_0953.json,
Family Office,,Luxembourg,,Arvo Investment Holdings,,"Munsbach, Luxembourg (primary activity is likely global from Luxembourg)","Munsbach, Luxembourg",,Alternative Investments; Financial Services; Real Estate & Construction,,,,,20,14,10,0,20.0,0.18,64.18,Monitor / Secondary Prospect,Monitor,Identified,"Indicative scored - AI generated, review required",https://vertexaisearch.cloud.google.com/grounding-api-redirect/AUZIYQFP1S1M6OY6mpIcFtgU2Fc-zVjPTBqNKYGu01ZBiQdQhppuJXZSD-x0w-wPOSWWS7kQVZH6no-JaXSexS9bR5A6DZImNuFxCjbR8HxiiGbuzJ5gHvu-V6gIRDTsfIL_BZLm2l4BTnnknDgk96gjkPzG7ghmDDXwtb6IYeULCTas_B_HSAi; https://vertexaisearch.cloud.google.com/grounding-api-redirect/AUZIYQEtml9d59TXpdAUM-ikDei8Ynt5fic3Ux0jNcdBhh-YYL9649e_EV4S9xSUEekN0hvBffptFbg7evuZRvqlG3W_sVM4EsvhBUek9gjPOdNSZZdWd81uuD23uSALQJmOyxlw4xTbXNMVXh7ClDARBU4Ia-U_gvR_lWmljBkAzqkY6bqI=,"Not yet reviewed - AI discovery/scoring only, no due-diligence screen performed",,Needs Verification,https://vertexaisearch.cloud.google.com/grounding-api-redirect/AUZIYQFP1S1M6OY6mpIcFtgU2Fc-zVjPTBqNKYGu01ZBiQdQhppuJXZSD-x0w-wPOSWWS7kQVZH6no-JaXSexS9bR5A6DZImNuFxCjbR8HxiiGbuzJ5gHvu-V6gIRDTsfIL_BZLm2l4BTnnknDgk96gjkPzG7ghmDDXwtb6IYeULCTas_B_HSAi; https://vertexaisearch.cloud.google.com/grounding-api-redirect/AUZIYQEtml9d59TXpdAUM-ikDei8Ynt5fic3Ux0jNcdBhh-YYL9649e_EV4S9xSUEekN0hvBffptFbg7evuZRvqlG3W_sVM4EsvhBUek9gjPOdNSZZdWd81uuD23uSALQJmOyxlw4xTbXNMVXh7ClDARBU4Ia-U_gvR_lWmljBkAzqkY6bqI=,,2026-07-09_0937,luxembourg_2026-07-09_0937.json,
Family Office,,Qatar,,Al Khor Holding W.L.L.,,"Headquartered in Doha, Qatar, with a global investment portfolio.","International Trade and Development Building, Mohammed Bin Thani Road, Bin Omran, P.O. Box: 22565, Doha, Qatar",,Real Estate; Power Generation; Industrial & Manufacturing; Hospitality; Trading & Contracting; Oil & Gas; Financial Services,,,,,20,14,15,10,5.1,0.0,64.1,Monitor / Secondary Prospect,Monitor,Identified,"Indicative scored - AI generated, review required",https://vertexaisearch.cloud.google.com/grounding-api-redirect/AUZIYQH_8_dQcWFQhHxDTOkwO9z7ng8VYBE1_de4NlhxaZb2SUSQ8IO64OF6Fy6stVOp8KwsM-aZk_pBf4qTJfGsrUfI8P8FNgmswXhZlpUO5olpxFlPd0fpA2IgD8MZU9N6GzwmLg7LHmGmaIqq0yZQEjUG158oGUNJ220qb2l4ZOmBEc0qOPUI7x9EXIW3JgM=; https://vertexaisearch.cloud.google.com/grounding-api-redirect/AUZIYQFuHvQzErHRcC-efLXePEFXARFUvccGStirOjuj4tjZZE4XRzRXiblbNifRSA7GDEyLqNrA60qa1E_vouXKIsmYWyvkvJtWBaY5V9g-7uWrwSj3LPB1e3aK4w==; https://vertexaisearch.cloud.google.com/grounding-api-redirect/AUZIYQGMxoqwbCbYDuQ_CwAlkzih9fwaiIiZOzN3u62_RldcHxtzlICeu8U-XAn_Yp-9TjTWMmWZKgpQCy7CD4wr1fdwV1fLhTTk32eMbHDR9BxYp_Hb8bM2KEsODVDARSXp-18rFct_ZRLHQxqK9AmPDat1aCGIUrA9Jl8=; https://vertexaisearch.cloud.google.com/grounding-api-redirect/AUZIYQH0Hn5LFnq6RlLkrvNhgA5kumvgnsD4OeOMsCQOx5MR8TzNAj02lc1awkrHSIzWtcZDbq1K4st1lyAG3Q4RxTuhhMa9S1443XJEZs9UwBdFOBt6juoYuYOnesN7Ndw0SagIwwys; https://vertexaisearch.cloud.google.com/grounding-api-redirect/AUZIYQHwHR2kTOFJk7DaxivV6O0iH9RcUVGYmOmqqz6hf9kQXoBVNxRl5C5dvWw_mWvePIPTqkgIPhCrjB2TkiCle96J-kPLOass0ob82DulgztLEoF80k7NUw291wHY0aZL9w==; https://vertexaisearch.cloud.google.com/grounding-api-redirect/AUZIYQEKRBVaBe9wLgY6IIx_u7P8QyWcW0osVnhf9K28QzM5ITX0GmO91GDck7BeAm4nf33OA75eCAjkZa06m3QJlj8DqozrOIvdaDRZpcEFOaGJZv8Rei17yafDFgcREyaPumHngNQ=; https://vertexaisearch.cloud.google.com/grounding-api-redirect/AUZIYQEVCXn_4vmJ3pEl0eOx5RavBEz1wemiyd6BXi4CgZn_oHwP6CqcwXh2picRv4bVnLSmsBrDlQdKchtcJEVS7vlLVPljwRJX3Tycu9eqZOeHFA6XAp2O_CNjy_ge0eZhYj-l; https://vertexaisearch.cloud.google.com/grounding-api-redirect/AUZIYQHy5apUXbM8InuekbdKd1gQu4RKpkNkAdITx6wQJqBml85TFWtMK0v3hc7zlRd04134sxV-goDNm2nt3uN3rAwdMX9X2cAdZXuSMOsVcikEjLXtDnw5XoDZ6vRcguYsrlU=; https://vertexaisearch.cloud.google.com/grounding-api-redirect/AUZIYQHeI1Qh2cd5g65kKC0CCL38ZY45ag_ObPVwOE4an84q41WEAD1AcDFGQD2h8AlWuEjjQyi_ROSnRF11w999Ly9IFDvf6ZqCRA7mkgel1yHSldE8GxYTc789VgHCIVyLnjAoiwnIhj_xAfF9Rp1dZeiwCgOFgaaDV2K8mQ==,"Not yet reviewed - AI discovery/scoring only, no due-diligence screen performed",info@alkhorholding.com,Found,https://vertexaisearch.cloud.google.com/grounding-api-redirect/AUZIYQH_8_dQcWFQhHxDTOkwO9z7ng8VYBE1_de4NlhxaZb2SUSQ8IO64OF6Fy6stVOp8KwsM-aZk_pBf4qTJfGsrUfI8P8FNgmswXhZlpUO5olpxFlPd0fpA2IgD8MZU9N6GzwmLg7LHmGmaIqq0yZQEjUG158oGUNJ220qb2l4ZOmBEc0qOPUI7x9EXIW3JgM=; https://vertexaisearch.cloud.google.com/grounding-api-redirect/AUZIYQFuHvQzErHRcC-efLXePEFXARFUvccGStirOjuj4tjZZE4XRzRXiblbNifRSA7GDEyLqNrA60qa1E_vouXKIsmYWyvkvJtWBaY5V9g-7uWrwSj3LPB1e3aK4w==; https://vertexaisearch.cloud.google.com/grounding-api-redirect/AUZIYQGMxoqwbCbYDuQ_CwAlkzih9fwaiIiZOzN3u62_RldcHxtzlICeu8U-XAn_Yp-9TjTWMmWZKgpQCy7CD4wr1fdwV1fLhTTk32eMbHDR9BxYp_Hb8bM2KEsODVDARSXp-18rFct_ZRLHQxqK9AmPDat1aCGIUrA9Jl8=; https://vertexaisearch.cloud.google.com/grounding-api-redirect/AUZIYQH0Hn5LFnq6RlLkrvNhgA5kumvgnsD4OeOMsCQOx5MR8TzNAj02lc1awkrHSIzWtcZDbq1K4st1lyAG3Q4RxTuhhMa9S1443XJEZs9UwBdFOBt6juoYuYOnesN7Ndw0SagIwwys; https://vertexaisearch.cloud.google.com/grounding-api-redirect/AUZIYQHwHR2kTOFJk7DaxivV6O0iH9RcUVGYmOmqqz6hf9kQXoBVNxRl5C5dvWw_mWvePIPTqkgIPhCrjB2TkiCle96J-kPLOass0ob82DulgztLEoF80k7NUw291wHY0aZL9w==; https://vertexaisearch.cloud.google.com/grounding-api-redirect/AUZIYQEKRBVaBe9wLgY6IIx_u7P8QyWcW0osVnhf9K28QzM5ITX0GmO91GDck7BeAm4nf33OA75eCAjkZa06m3QJlj8DqozrOIvdaDRZpcEFOaGJZv8Rei17yafDFgcREyaPumHngNQ=; https://vertexaisearch.cloud.google.com/grounding-api-redirect/AUZIYQEVCXn_4vmJ3pEl0eOx5RavBEz1wemiyd6BXi4CgZn_oHwP6CqcwXh2picRv4bVnLSmsBrDlQdKchtcJEVS7vlLVPljwRJX3Tycu9eqZOeHFA6XAp2O_CNjy_ge0eZhYj-l; https://vertexaisearch.cloud.google.com/grounding-api-redirect/AUZIYQHy5apUXbM8InuekbdKd1gQu4RKpkNkAdITx6wQJqBml85TFWtMK0v3hc7zlRd04134sxV-goDNm2nt3uN3rAwdMX9X2cAdZXuSMOsVcikEjLXtDnw5XoDZ6vRcguYsrlU=; https://vertexaisearch.cloud.google.com/grounding-api-redirect/AUZIYQHeI1Qh2cd5g65kKC0CCL38ZY45ag_ObPVwOE4an84q41WEAD1AcDFGQD2h8AlWuEjjQyi_ROSnRF11w999Ly9IFDvf6ZqCRA7mkgel1yHSldE8GxYTc789VgHCIVyLnjAoiwnIhj_xAfF9Rp1dZeiwCgOFgaaDV2K8mQ==,,2026-07-09_0945,qatar_2026-07-09_0945.json,
Family Office,,Singapore,,Temasek Holdings,,"Primarily anchored in Asia, with a global portfolio and significant exposure to developed economies. Investments in China, India, Southeast Asia, US, and Europe.","Orchard Road, Singapore (Headquarters).",,Digitisation; Sustainable Living; Future of Consumption; Longer Lifespans; Consumer; Media & Technology; Life Sciences & Agri-Food; Non-Bank Financial Services; Infrastructure; Energy-transition assets; Digital infrastructure; AI,,,,,0,14,15,0,20.0,15.0,64.0,Monitor / Secondary Prospect,Monitor,Identified,"Indicative scored - AI generated, review required",https://vertexaisearch.cloud.google.com/grounding-api-redirect/AUZIYQEgOjQRbOHVXQ7eGpFhnlkTHHWjj_LlEiNuAXSLbQ5Nw4hMYpJug3kJ6DZ1sC8eeRFRqJ_dYjcybSOhrAPxm4R0mklIItNEWmxQQOxP3louIpTyZ1E0GIMex6jSmbjI97ubPHPxOZAgYXY=; https://vertexaisearch.cloud.google.com/grounding-api-redirect/AUZIYQEyTpBMid3OEft3IG6oI4NwePDem_TnbC9Rpi5gY3HzucMRbiClF_Wm8I94ynXu6RHlgVduktP0dC6sXO45n5mHqtZnoofnc_w-xIqTSsznHBORHw1WN6F6r1vquxSvDuVWe-oQVsOo39qMJNqSSnwB_Po_XqBHQeQEk9ubIj_OW-gpo7LHcXJnWM69o4z6Rtqbhf8RLOfaNbj0wSkTQIdPw3ZQWpSlf1nATpA=; https://vertexaisearch.cloud.google.com/grounding-api-redirect/AUZIYQGOBhO1wT6lk-vn7rRAdLfa7rVtq3vEU2T0EClWyvkXwSD1olc5u0hsomNm-htV_zTEAZfKUQxs096Mk9kHKY_CSXs2nxIAXAcqcRUeaQbl_KrYJ-YPik8Ml5a3eB7AXAu6QqV6XIR22KLxXVlxSm0hpmSl2MsHqFqRYKFrK-i6fASLzIh6tOPGA4HmhkSyIbRhdo3NVFWKGOEi5g==; https://vertexaisearch.cloud.google.com/grounding-api-redirect/AUZIYQENWY4sHUhLJ32M_k5ZSpKfgS1mk3ajRgDsbZ2DvSJGG6aOFC9V8ORLFBcf3pP9Mu4BWpF9h-nHQ9K3RUghJglExHHMRdAIl2wmHQ0UUUaf947pod5xv_xW7xHMQmCyWs_jlz7vzPMhcEHIXeMJGR8dPQDDSNOjzXihGVVcexb-sLnoPXtQ6i8fCWvYBxAmAPrkuGjWUSB_KtWq36xb; https://vertexaisearch.cloud.google.com/grounding-api-redirect/AUZIYQEt1ttAx4CIpW6MkwKgBy_qMuN2ndZg_vFAbJ65T4VA7wzwjSp48GNfErC7Ace4S9Vl9t5zJCXYgi0VqCrTXeVh2ZBdj4AipQAhHwjStr552WxUyFGo5rg242Chv9dWXhdPYgRDnYb4MPOqIOxV3ken7sxTSJlJQG2ngSAecFTFG16tiHl11q357dp0Lk6cDTvYFXf4QPn8mYNlLe-7_aBgMz5oK7UpAi0Bob5cgKgrhA==,"Not yet reviewed - AI discovery/scoring only, no due-diligence screen performed",,Needs Verification,https://vertexaisearch.cloud.google.com/grounding-api-redirect/AUZIYQEgOjQRbOHVXQ7eGpFhnlkTHHWjj_LlEiNuAXSLbQ5Nw4hMYpJug3kJ6DZ1sC8eeRFRqJ_dYjcybSOhrAPxm4R0mklIItNEWmxQQOxP3louIpTyZ1E0GIMex6jSmbjI97ubPHPxOZAgYXY=; https://vertexaisearch.cloud.google.com/grounding-api-redirect/AUZIYQEyTpBMid3OEft3IG6oI4NwePDem_TnbC9Rpi5gY3HzucMRbiClF_Wm8I94ynXu6RHlgVduktP0dC6sXO45n5mHqtZnoofnc_w-xIqTSsznHBORHw1WN6F6r1vquxSvDuVWe-oQVsOo39qMJNqSSnwB_Po_XqBHQeQEk9ubIj_OW-gpo7LHcXJnWM69o4z6Rtqbhf8RLOfaNbj0wSkTQIdPw3ZQWpSlf1nATpA=; https://vertexaisearch.cloud.google.com/grounding-api-redirect/AUZIYQGOBhO1wT6lk-vn7rRAdLfa7rVtq3vEU2T0EClWyvkXwSD1olc5u0hsomNm-htV_zTEAZfKUQxs096Mk9kHKY_CSXs2nxIAXAcqcRUeaQbl_KrYJ-YPik8Ml5a3eB7AXAu6QqV6XIR22KLxXVlxSm0hpmSl2MsHqFqRYKFrK-i6fASLzIh6tOPGA4HmhkSyIbRhdo3NVFWKGOEi5g==; https://vertexaisearch.cloud.google.com/grounding-api-redirect/AUZIYQENWY4sHUhLJ32M_k5ZSpKfgS1mk3ajRgDsbZ2DvSJGG6aOFC9V8ORLFBcf3pP9Mu4BWpF9h-nHQ9K3RUghJglExHHMRdAIl2wmHQ0UUUaf947pod5xv_xW7xHMQmCyWs_jlz7vzPMhcEHIXeMJGR8dPQDDSNOjzXihGVVcexb-sLnoPXtQ6i8fCWvYBxAmAPrkuGjWUSB_KtWq36xb; https://vertexaisearch.cloud.google.com/grounding-api-redirect/AUZIYQEt1ttAx4CIpW6MkwKgBy_qMuN2ndZg_vFAbJ65T4VA7wzwjSp48GNfErC7Ace4S9Vl9t5zJCXYgi0VqCrTXeVh2ZBdj4AipQAhHwjStr552WxUyFGo5rg242Chv9dWXhdPYgRDnYb4MPOqIOxV3ken7sxTSJlJQG2ngSAecFTFG16tiHl11q357dp0Lk6cDTvYFXf4QPn8mYNlLe-7_aBgMz5oK7UpAi0Bob5cgKgrhA==,,2026-07-09_0905,singapore_2026-07-09_0905.json,
Family Office,,Luxembourg,,La Mancha Holding,,Luxembourg (primary activity is likely global from Luxembourg),"Luxembourg, Luxembourg",,Alternative Investments; Financial Services; Industrials & Manufacturing; Infrastructure & Transportation; Technology,,,,,20,14,15,0,6.51,6.43,61.94,Monitor / Secondary Prospect,Monitor,Identified,"Indicative scored - AI generated, review required",https://vertexaisearch.cloud.google.com/grounding-api-redirect/AUZIYQFP1S1M6OY6mpIcFtgU2Fc-zVjPTBqNKYGu01ZBiQdQhppuJXZSD-x0w-wPOSWWS7kQVZH6no-JaXSexS9bR5A6DZImNuFxCjbR8HxiiGbuzJ5gHvu-V6gIRDTsfIL_BZLm2l4BTnnknDgk96gjkPzG7ghmDDXwtb6IYeULCTas_B_HSAi; https://vertexaisearch.cloud.google.com/grounding-api-redirect/AUZIYQEtml9d59TXpdAUM-ikDei8Ynt5fic3Ux0jNcdBhh-YYL9649e_EV4S9xSUEekN0hvBffptFbg7evuZRvqlG3W_sVM4EsvhBUek9gjPOdNSZZdWd81uuD23uSALQJmOyxlw4xTbXNMVXh7ClDARBU4Ia-U_gvR_lWmljBkAzqkY6bqI=,"Not yet reviewed - AI discovery/scoring only, no due-diligence screen performed",,Needs Verification,https://vertexaisearch.cloud.google.com/grounding-api-redirect/AUZIYQFP1S1M6OY6mpIcFtgU2Fc-zVjPTBqNKYGu01ZBiQdQhppuJXZSD-x0w-wPOSWWS7kQVZH6no-JaXSexS9bR5A6DZImNuFxCjbR8HxiiGbuzJ5gHvu-V6gIRDTsfIL_BZLm2l4BTnnknDgk96gjkPzG7ghmDDXwtb6IYeULCTas_B_HSAi; https://vertexaisearch.cloud.google.com/grounding-api-redirect/AUZIYQEtml9d59TXpdAUM-ikDei8Ynt5fic3Ux0jNcdBhh-YYL9649e_EV4S9xSUEekN0hvBffptFbg7evuZRvqlG3W_sVM4EsvhBUek9gjPOdNSZZdWd81uuD23uSALQJmOyxlw4xTbXNMVXh7ClDARBU4Ia-U_gvR_lWmljBkAzqkY6bqI=,,2026-07-09_0937,luxembourg_2026-07-09_0937.json,
Family Office,,Luxembourg,,Kulczyk Investments,,Luxembourg (primary activity is likely global from Luxembourg),"Luxembourg, Luxembourg",,AI/ML/Robotics; Alternative Investments; Cloud Infrastructure; Consumer & Retail; Consumer Products; Cybersecurity; Data Analytics; Financial Services; Food & Beverage; Healthcare & Life Sciences; Industrials & Manufacturing; Infrastructure & Transportation; Materials & Chemicals; Real Estate & Construction; Technology,,,,,20,8,5,0,20.0,8.06,61.06,Monitor / Secondary Prospect,Monitor,Identified,"Indicative scored - AI generated, review required",https://vertexaisearch.cloud.google.com/grounding-api-redirect/AUZIYQFP1S1M6OY6mpIcFtgU2Fc-zVjPTBqNKYGu01ZBiQdQhppuJXZSD-x0w-wPOSWWS7kQVZH6no-JaXSexS9bR5A6DZImNuFxCjbR8HxiiGbuzJ5gHvu-V6gIRDTsfIL_BZLm2l4BTnnknDgk96gjkPzG7ghmDDXwtb6IYeULCTas_B_HSAi; https://vertexaisearch.cloud.google.com/grounding-api-redirect/AUZIYQEtml9d59TXpdAUM-ikDei8Ynt5fic3Ux0jNcdBhh-YYL9649e_EV4S9xSUEekN0hvBffptFbg7evuZRvqlG3W_sVM4EsvhBUek9gjPOdNSZZdWd81uuD23uSALQJmOyxlw4xTbXNMVXh7ClDARBU4Ia-U_gvR_lWmljBkAzqkY6bqI=,"Not yet reviewed - AI discovery/scoring only, no due-diligence screen performed",,Needs Verification,https://vertexaisearch.cloud.google.com/grounding-api-redirect/AUZIYQFP1S1M6OY6mpIcFtgU2Fc-zVjPTBqNKYGu01ZBiQdQhppuJXZSD-x0w-wPOSWWS7kQVZH6no-JaXSexS9bR5A6DZImNuFxCjbR8HxiiGbuzJ5gHvu-V6gIRDTsfIL_BZLm2l4BTnnknDgk96gjkPzG7ghmDDXwtb6IYeULCTas_B_HSAi; https://vertexaisearch.cloud.google.com/grounding-api-redirect/AUZIYQEtml9d59TXpdAUM-ikDei8Ynt5fic3Ux0jNcdBhh-YYL9649e_EV4S9xSUEekN0hvBffptFbg7evuZRvqlG3W_sVM4EsvhBUek9gjPOdNSZZdWd81uuD23uSALQJmOyxlw4xTbXNMVXh7ClDARBU4Ia-U_gvR_lWmljBkAzqkY6bqI=,,2026-07-09_0937,luxembourg_2026-07-09_0937.json,
Family Office,,Singapore,,Tecity Group,,Singapore and Southeast Asia emphasis with global diversification.,Singapore,,Public Equities; Private Equity; Real Estate; Fixed Income,,,,,20,20,15,0,0.0,4.18,59.18,Monitor / Secondary Prospect,Monitor,Identified,"Indicative scored - AI generated, review required",https://vertexaisearch.cloud.google.com/grounding-api-redirect/AUZIYQFShyrmdatoPz9-nwffpLTCy21MZjZ3_d0754jdvOmlbMctpgkHq219ZJpnk6gdif1kUTHV9M-OOAs1cYyNlLtqyEiq_YJyGd1kmLIllXl6BPOJJOHXDcRYXNKRJEo55NH4AfvhW-cxuRtjIKSXbB0bPcyNjH4Ue5amDiIDMuymx_D3XfVFfcIGKvEhwvLjIBVIgFPjwVMk5X3Y9C37jfI=; https://vertexaisearch.cloud.google.com/grounding-api-redirect/AUZIYQGtwY8QPyU97uGGDjGtlcZNaezm7JigRQIh7UKuA-ZJdJJzVROFBDe3WN1z_xArHl774HmTec8a-CK5ztmM6tGqZFmQBE87hT7QU2zd0BBIgq-IYYaSPhlgRSAljK03f9uG-vKBbTOJUlRoQj_GHvDALvhITibmV7paMTLXA2pzF40tNewLgA=,"Not yet reviewed - AI discovery/scoring only, no due-diligence screen performed",,Needs Verification,https://vertexaisearch.cloud.google.com/grounding-api-redirect/AUZIYQFShyrmdatoPz9-nwffpLTCy21MZjZ3_d0754jdvOmlbMctpgkHq219ZJpnk6gdif1kUTHV9M-OOAs1cYyNlLtqyEiq_YJyGd1kmLIllXl6BPOJJOHXDcRYXNKRJEo55NH4AfvhW-cxuRtjIKSXbB0bPcyNjH4Ue5amDiIDMuymx_D3XfVFfcIGKvEhwvLjIBVIgFPjwVMk5X3Y9C37jfI=; https://vertexaisearch.cloud.google.com/grounding-api-redirect/AUZIYQGtwY8QPyU97uGGDjGtlcZNaezm7JigRQIh7UKuA-ZJdJJzVROFBDe3WN1z_xArHl774HmTec8a-CK5ztmM6tGqZFmQBE87hT7QU2zd0BBIgq-IYYaSPhlgRSAljK03f9uG-vKBbTOJUlRoQj_GHvDALvhITibmV7paMTLXA2pzF40tNewLgA=,,2026-07-09_0933,singapore_2026-07-09_0933.json,
Family Office,,Luxembourg,,DELTON Logistics,,Luxembourg (primary activity is likely global from Luxembourg),Luxembourg,,Logistics & Transportation; Industrials & Manufacturing,,,,,20,20,10,0,0.0,7.1,57.1,Monitor / Secondary Prospect,Monitor,Identified,"Indicative scored - AI generated, review required",https://vertexaisearch.cloud.google.com/grounding-api-redirect/AUZIYQFP1S1M6OY6mpIcFtgU2Fc-zVjPTBqNKYGu01ZBiQdQhppuJXZSD-x0w-wPOSWWS7kQVZH6no-JaXSexS9bR5A6DZImNuFxCjbR8HxiiGbuzJ5gHvu-V6gIRDTsfIL_BZLm2l4BTnnknDgk96gjkPzG7ghmDDXwtb6IYeULCTas_B_HSAi; https://vertexaisearch.cloud.google.com/grounding-api-redirect/AUZIYQEtml9d59TXpdAUM-ikDei8Ynt5fic3Ux0jNcdBhh-YYL9649e_EV4S9xSUEekN0hvBffptFbg7evuZRvqlG3W_sVM4EsvhBUek9gjPOdNSZZdWd81uuD23uSALQJmOyxlw4xTbXNMVXh7ClDARBU4Ia-U_gvR_lWmljBkAzqkY6bqI=,"Not yet reviewed - AI discovery/scoring only, no due-diligence screen performed",,Needs Verification,https://vertexaisearch.cloud.google.com/grounding-api-redirect/AUZIYQFP1S1M6OY6mpIcFtgU2Fc-zVjPTBqNKYGu01ZBiQdQhppuJXZSD-x0w-wPOSWWS7kQVZH6no-JaXSexS9bR5A6DZImNuFxCjbR8HxiiGbuzJ5gHvu-V6gIRDTsfIL_BZLm2l4BTnnknDgk96gjkPzG7ghmDDXwtb6IYeULCTas_B_HSAi; https://vertexaisearch.cloud.google.com/grounding-api-redirect/AUZIYQEtml9d59TXpdAUM-ikDei8Ynt5fic3Ux0jNcdBhh-YYL9649e_EV4S9xSUEekN0hvBffptFbg7evuZRvqlG3W_sVM4EsvhBUek9gjPOdNSZZdWd81uuD23uSALQJmOyxlw4xTbXNMVXh7ClDARBU4Ia-U_gvR_lWmljBkAzqkY6bqI=,,2026-07-09_0937,luxembourg_2026-07-09_0937.json,
Family Office,,Luxembourg,,Bemberg Capital,,"Luxembourg, Luxembourg (primary activity is likely global from Luxembourg)","Luxembourg, Luxembourg",,Alternative Investments; Financial Services; Industrials & Manufacturing; Technology,,,,,20,8,15,0,5.32,8.75,57.07,Monitor / Secondary Prospect,Monitor,Identified,"Indicative scored - AI generated, review required",https://vertexaisearch.cloud.google.com/grounding-api-redirect/AUZIYQFP1S1M6OY6mpIcFtgU2Fc-zVjPTBqNKYGu01ZBiQdQhppuJXZSD-x0w-wPOSWWS7kQVZH6no-JaXSexS9bR5A6DZImNuFxCjbR8HxiiGbuzJ5gHvu-V6gIRDTsfIL_BZLm2l4BTnnknDgk96gjkPzG7ghmDDXwtb6IYeULCTas_B_HSAi; https://vertexaisearch.cloud.google.com/grounding-api-redirect/AUZIYQEtml9d59TXpdAUM-ikDei8Ynt5fic3Ux0jNcdBhh-YYL9649e_EV4S9xSUEekN0hvBffptFbg7evuZRvqlG3W_sVM4EsvhBUek9gjPOdNSZZdWd81uuD23uSALQJmOyxlw4xTbXNMVXh7ClDARBU4Ia-U_gvR_lWmljBkAzqkY6bqI=,"Not yet reviewed - AI discovery/scoring only, no due-diligence screen performed",,Needs Verification,https://vertexaisearch.cloud.google.com/grounding-api-redirect/AUZIYQFP1S1M6OY6mpIcFtgU2Fc-zVjPTBqNKYGu01ZBiQdQhppuJXZSD-x0w-wPOSWWS7kQVZH6no-JaXSexS9bR5A6DZImNuFxCjbR8HxiiGbuzJ5gHvu-V6gIRDTsfIL_BZLm2l4BTnnknDgk96gjkPzG7ghmDDXwtb6IYeULCTas_B_HSAi; https://vertexaisearch.cloud.google.com/grounding-api-redirect/AUZIYQEtml9d59TXpdAUM-ikDei8Ynt5fic3Ux0jNcdBhh-YYL9649e_EV4S9xSUEekN0hvBffptFbg7evuZRvqlG3W_sVM4EsvhBUek9gjPOdNSZZdWd81uuD23uSALQJmOyxlw4xTbXNMVXh7ClDARBU4Ia-U_gvR_lWmljBkAzqkY6bqI=,,2026-07-09_0937,luxembourg_2026-07-09_0937.json,
Family Office,,Singapore,,K3 Ventures,,"Primarily Asia, with a focus on Southeast Asia.","391B Orchard Road, Ngee Ann City Tower B #14-08, Singapore 238874.",,Technology; Agtech; Consumer services; Edtech; SaaS; Healthcare; Fintech; IoT; E-commerce; Enterprise solutions; Web3; AI,,,,,14,14,10,7,1.21,8.6,54.81,Monitor / Secondary Prospect,Monitor,Identified,"Indicative scored - AI generated, review required",https://vertexaisearch.cloud.google.com/grounding-api-redirect/AUZIYQFotD7OWqbTZYrQF-1uSNZv0XLBD8vE1aBeqlbtY4VLzidm6tWsf6ljJWmndhDiajzWEdtlYGJ7_lgbjV6XdYkO2eC8uSmc-eaymbmX3TGesBYlSYaINqdpGl_08QrLJ21xIhVx9g==; https://vertexaisearch.cloud.google.com/grounding-api-redirect/AUZIYQFF8H9xh4WnxwnQE_0FoFwMRTOHz44BMGwHcDLANHuk7UshDctrHUONE4h_MS07Qe2QOiz1GQ1p5BrtpSvo4qeMBb4ihTq9-9P-WChRIROO_EquLiZLH5bTGcFSEKUsluIU2QGM2g==; https://vertexaisearch.cloud.google.com/grounding-api-redirect/AUZIYQEsX_mHCh1AaFKpTIInduX_ScyMoGsfJEZxA1TsUmAC90-_8aQrZL1uIgjMVE_yUtWJgHpCQViAkVcCCEmxHKdaf_qSTz_VlcMTQYiNLNAp1iAcvcTPNUdckeOmYzjAGYyQD9XOL2Cf; https://vertexaisearch.cloud.google.com/grounding-api-redirect/AUZIYQExi3MI3ScdKYO_9S2Ior6A20sgxTd9mW0eGhGGnI6tfGavNn3wbE7swBiJFCwzfuNrO9jbBbx0I7M58e6aCcZuXmxvmVuUynYaxglNSBzlMQvqHOYaqmi02IjJY2rsLfoDy_avWOpc28cZPDRaRpk5Cun0; https://vertexaisearch.cloud.google.com/grounding-api-redirect/AUZIYQHzYGWS4WpTHqZumr8i-lZLSIe28_cF9svQ09X3kX4iSbhhIHKwWRvfFSRABO75fpNWgb7FNQ_qS1OuFf3v35fJkuye_-rnsju2dOk-YgqsrnztUtWKcnycJqxvnogglK9YeCo=,"Not yet reviewed - AI discovery/scoring only, no due-diligence screen performed",hr@k3ventures.com,Found,https://vertexaisearch.cloud.google.com/grounding-api-redirect/AUZIYQFotD7OWqbTZYrQF-1uSNZv0XLBD8vE1aBeqlbtY4VLzidm6tWsf6ljJWmndhDiajzWEdtlYGJ7_lgbjV6XdYkO2eC8uSmc-eaymbmX3TGesBYlSYaINqdpGl_08QrLJ21xIhVx9g==; https://vertexaisearch.cloud.google.com/grounding-api-redirect/AUZIYQFF8H9xh4WnxwnQE_0FoFwMRTOHz44BMGwHcDLANHuk7UshDctrHUONE4h_MS07Qe2QOiz1GQ1p5BrtpSvo4qeMBb4ihTq9-9P-WChRIROO_EquLiZLH5bTGcFSEKUsluIU2QGM2g==; https://vertexaisearch.cloud.google.com/grounding-api-redirect/AUZIYQEsX_mHCh1AaFKpTIInduX_ScyMoGsfJEZxA1TsUmAC90-_8aQrZL1uIgjMVE_yUtWJgHpCQViAkVcCCEmxHKdaf_qSTz_VlcMTQYiNLNAp1iAcvcTPNUdckeOmYzjAGYyQD9XOL2Cf; https://vertexaisearch.cloud.google.com/grounding-api-redirect/AUZIYQExi3MI3ScdKYO_9S2Ior6A20sgxTd9mW0eGhGGnI6tfGavNn3wbE7swBiJFCwzfuNrO9jbBbx0I7M58e6aCcZuXmxvmVuUynYaxglNSBzlMQvqHOYaqmi02IjJY2rsLfoDy_avWOpc28cZPDRaRpk5Cun0; https://vertexaisearch.cloud.google.com/grounding-api-redirect/AUZIYQHzYGWS4WpTHqZumr8i-lZLSIe28_cF9svQ09X3kX4iSbhhIHKwWRvfFSRABO75fpNWgb7FNQ_qS1OuFf3v35fJkuye_-rnsju2dOk-YgqsrnztUtWKcnycJqxvnogglK9YeCo=,,2026-07-09_0905,singapore_2026-07-09_0905.json,
Family Office,,Singapore,,Wee Investments,,Southeast Asia (ASEAN) with selective global exposure.,Singapore.,,Financial services; Real estate; Private equity; Public equities,,,,,20,14,10,0,2.14,7.05,53.19,Monitor / Secondary Prospect,Monitor,Identified,"Indicative scored - AI generated, review required",https://vertexaisearch.cloud.google.com/grounding-api-redirect/AUZIYQEBE-0gtA7BSTl5FKj18PH9lW-jd4e6oICjo9xT3kLQBoh5fyBiuRt0iAg97q5I2-Uxaf8IpWdLhE3NjQPEdoK03S2KAC2Y2AAAdeGOzcExgSj11FzS9URvVgvoLC4piY0AtfeQADbCPBC0zLpp_NQGP6LCdy89b2oTvCbMW-22JvsLlA_K1zTitg16tGH9PNL8a0lehWiC-Rxea1dXWA4=; https://vertexaisearch.cloud.google.com/grounding-api-redirect/AUZIYQERSQTGaNumhX_IvL-nl0eTjhOvz8KJ0QPmPg2J9QDZoe1UwG1beWodG44ihVQtLH-umKVqvqgDpzNnXmCfUi4mtExMN2LpMH5wibDXoeZ3TZOcGn3ugsu6Js-9uwk2G0DG0_kBPUd075Qquqy2dVvVgShXe0y-WaRNRza4pFNQ_WCrV-Do0g==,"Not yet reviewed - AI discovery/scoring only, no due-diligence screen performed",,Needs Verification,https://vertexaisearch.cloud.google.com/grounding-api-redirect/AUZIYQEBE-0gtA7BSTl5FKj18PH9lW-jd4e6oICjo9xT3kLQBoh5fyBiuRt0iAg97q5I2-Uxaf8IpWdLhE3NjQPEdoK03S2KAC2Y2AAAdeGOzcExgSj11FzS9URvVgvoLC4piY0AtfeQADbCPBC0zLpp_NQGP6LCdy89b2oTvCbMW-22JvsLlA_K1zTitg16tGH9PNL8a0lehWiC-Rxea1dXWA4=; https://vertexaisearch.cloud.google.com/grounding-api-redirect/AUZIYQERSQTGaNumhX_IvL-nl0eTjhOvz8KJ0QPmPg2J9QDZoe1UwG1beWodG44ihVQtLH-umKVqvqgDpzNnXmCfUi4mtExMN2LpMH5wibDXoeZ3TZOcGn3ugsu6Js-9uwk2G0DG0_kBPUd075Qquqy2dVvVgShXe0y-WaRNRza4pFNQ_WCrV-Do0g==,,2026-07-09_0905,singapore_2026-07-09_0905.json,
Family Office,,Singapore,,GIC Private Limited,,"Global, with investments internationally in developed market equities, emerging market equities, and a focus on Asia-Pacific, US, and Europe.",Singapore (Headquarters).,,Public equity; Fixed income; Private equity; Real estate; Infrastructure; Venture capital; Emerging market equities; Logistics,,,,,0,8,5,0,20.0,15.0,48.0,Not currently suitable,Low,Identified,"Indicative scored - AI generated, review required",https://vertexaisearch.cloud.google.com/grounding-api-redirect/AUZIYQFLqCLtMnT6lCQtfjD8rnWyonccdje_bKSTcdIsUle_vQpheeg0G5l5EeY7E0hl16wBilq3zj8HVRFYwBbsibFdGPjHkmolXiabjdJq_FVqh_uYHgn_kyqZEoofATG_eHUAJ8p6lzan3MXbkGo8bPvtWWT9AFP7rB_XGJa-UUQJosE=; https://vertexaisearch.cloud.google.com/grounding-api-redirect/AUZIYQGL1_hfYsjPb7WP5OUrjT0FwwpZtCcFNrTKjf-B64NE4qpGTAbg-pRfGUT2yR0ixAS80A697dU_cmhRLtjfBDpwxaS-CET1Y-6EJZ6gp8nCEbzFsHTYo99tAJZ_-ZP6K0gp8tkMnWeCR2kBq-gENVC-NCe8ew=; https://vertexaisearch.cloud.google.com/grounding-api-redirect/AUZIYQErbXgcxEq36dYSN2qyTbyn6OailP3Xc0w1h--uwNFnb6APCar8trXsmXRIeYXIKPvvCGvwdWhEAxUv6aOoKNRkubnmuwo73nLwo_n5oiFsATbefCeiRH4dPADKUR6e47R6jjcjLMQkW7-bKdRiA1_brAIjoMNV0ek1niPAiKHiVcFwQzVfntyXdLZ53A=; https://vertexaisearch.cloud.google.com/grounding-api-redirect/AUZIYQGtZfCGVSTVYX6Dr37H-8s1rZF74mqNXZ2BcU8PP9I4aXrRdQc-VtqR5yzWh86Fkc2Rs6TM6ryZ6noaVyK7nD9COmtewFLVwYLGdyqVLyxwrXVWSibuFm9vj_MREeUms19iSn3VSo_ERnsa2GfudTuuhYXzKW9Y7-AfDj7J5D-Zrb_HGBFwRiVP9iHHclxN2-h-3ks=; https://vertexaisearch.cloud.google.com/grounding-api-redirect/AUZIYQE7zy-olm-aUhxHGY_9WU_huDOxVXyTCmCUE4kNvKk_HWx7R3RXe3144_Evckbse0MUnn-VKdl_lvkAIXZKaP0McEnS6xHdV23AnuWw0M01YKrsTk_Z0JDgEJWCJ5aoAdUqsOozedxiQ3fkhOb6I1wKlRThL8A=; https://vertexaisearch.cloud.google.com/grounding-api-redirect/AUZIYQH97jBw_BoA20AeG3p78959kRsy3cJay2q_oicccVd3rWahC4NMNpa-SZsCLFRXVCUmk2wdBgF_YO2Bm5ehqSeYlf1I5uvLi58nVhcfXiO5AsQpNMxK8Ubikvp9cABS9QJ-zjjg6C8RmajpCavR7_b-X4tNw77Np4yWNYpk8KW7t2a0JGyi1ZyCk7dOXqjYq6RurydGzrKQnav70ZG3XNcyOZh3STQBQCU3YWPMrkoCjPBu_apqmg==; https://vertexaisearch.cloud.google.com/grounding-api-redirect/AUZIYQG1vXPvzxny3EyWhKgOFivVDkUkw1K8R2gyyeKFFDw4GeobNAtnXALGo0zg-mVFGV9mNSzmiW22jnVJJHEaEqyuEHp2A28pQGxQqI9L0jjjROMKravMvHMDEDO-gsDzzJI060Y2dZ9HrxOCDs_VOvtJ7F46BKQOc34G9lO1rdCUmaCjT08sPPv3nuXxKCGZjmk0rPGvjwc3kcqCZAJQ31U6G88TcClgWSlfs1HrsiZ3kFw5YZvFeVWe_qikQFPs4ob53Ibd336LgVIR,"Not yet reviewed - AI discovery/scoring only, no due-diligence screen performed",,Needs Verification,https://vertexaisearch.cloud.google.com/grounding-api-redirect/AUZIYQFLqCLtMnT6lCQtfjD8rnWyonccdje_bKSTcdIsUle_vQpheeg0G5l5EeY7E0hl16wBilq3zj8HVRFYwBbsibFdGPjHkmolXiabjdJq_FVqh_uYHgn_kyqZEoofATG_eHUAJ8p6lzan3MXbkGo8bPvtWWT9AFP7rB_XGJa-UUQJosE=; https://vertexaisearch.cloud.google.com/grounding-api-redirect/AUZIYQGL1_hfYsjPb7WP5OUrjT0FwwpZtCcFNrTKjf-B64NE4qpGTAbg-pRfGUT2yR0ixAS80A697dU_cmhRLtjfBDpwxaS-CET1Y-6EJZ6gp8nCEbzFsHTYo99tAJZ_-ZP6K0gp8tkMnWeCR2kBq-gENVC-NCe8ew=; https://vertexaisearch.cloud.google.com/grounding-api-redirect/AUZIYQErbXgcxEq36dYSN2qyTbyn6OailP3Xc0w1h--uwNFnb6APCar8trXsmXRIeYXIKPvvCGvwdWhEAxUv6aOoKNRkubnmuwo73nLwo_n5oiFsATbefCeiRH4dPADKUR6e47R6jjcjLMQkW7-bKdRiA1_brAIjoMNV0ek1niPAiKHiVcFwQzVfntyXdLZ53A=; https://vertexaisearch.cloud.google.com/grounding-api-redirect/AUZIYQGtZfCGVSTVYX6Dr37H-8s1rZF74mqNXZ2BcU8PP9I4aXrRdQc-VtqR5yzWh86Fkc2Rs6TM6ryZ6noaVyK7nD9COmtewFLVwYLGdyqVLyxwrXVWSibuFm9vj_MREeUms19iSn3VSo_ERnsa2GfudTuuhYXzKW9Y7-AfDj7J5D-Zrb_HGBFwRiVP9iHHclxN2-h-3ks=; https://vertexaisearch.cloud.google.com/grounding-api-redirect/AUZIYQE7zy-olm-aUhxHGY_9WU_huDOxVXyTCmCUE4kNvKk_HWx7R3RXe3144_Evckbse0MUnn-VKdl_lvkAIXZKaP0McEnS6xHdV23AnuWw0M01YKrsTk_Z0JDgEJWCJ5aoAdUqsOozedxiQ3fkhOb6I1wKlRThL8A=; https://vertexaisearch.cloud.google.com/grounding-api-redirect/AUZIYQH97jBw_BoA20AeG3p78959kRsy3cJay2q_oicccVd3rWahC4NMNpa-SZsCLFRXVCUmk2wdBgF_YO2Bm5ehqSeYlf1I5uvLi58nVhcfXiO5AsQpNMxK8Ubikvp9cABS9QJ-zjjg6C8RmajpCavR7_b-X4tNw77Np4yWNYpk8KW7t2a0JGyi1ZyCk7dOXqjYq6RurydGzrKQnav70ZG3XNcyOZh3STQBQCU3YWPMrkoCjPBu_apqmg==; https://vertexaisearch.cloud.google.com/grounding-api-redirect/AUZIYQG1vXPvzxny3EyWhKgOFivVDkUkw1K8R2gyyeKFFDw4GeobNAtnXALGo0zg-mVFGV9mNSzmiW22jnVJJHEaEqyuEHp2A28pQGxQqI9L0jjjROMKravMvHMDEDO-gsDzzJI060Y2dZ9HrxOCDs_VOvtJ7F46BKQOc34G9lO1rdCUmaCjT08sPPv3nuXxKCGZjmk0rPGvjwc3kcqCZAJQ31U6G88TcClgWSlfs1HrsiZ3kFw5YZvFeVWe_qikQFPs4ob53Ibd336LgVIR,,2026-07-09_0905,singapore_2026-07-09_0905.json,
Family Office,,Luxembourg,,RL Private Holding,,Global (headquartered in Luxembourg),Luxembourg Financial Centre,,Technology; Private Equity; Real Estate; Green Infrastructure; Renewable Energy; Venture Capital,,,,,14,14,10,0,0.0,6.62,44.62,Not currently suitable,Low,Identified,"Indicative scored - AI generated, review required",https://vertexaisearch.cloud.google.com/grounding-api-redirect/AUZIYQEKJdd8DG80v29LApPOz_tJ4XkS7Wd3odlRLIJ4WCKPOQ-WD_QCqeLGHbIouGYNJV0liq5MTvJVh9mOKfvyRvwPCPWcql_e3BAmlfX2BPw6_qcp9-dJGMY3MkEbBoiS0MEO4UVopN5wfzJwxv54VKRRq-qmc-av6Am8bNQMmgjuaUZZYJqzDziZ2RgsF69Pkd-gU3sf; https://vertexaisearch.cloud.google.com/grounding-api-redirect/AUZIYQGCIDNis8DRmL9ALi-CEF2Fygl4NaPEjXvtq7s6P1HRi67K6kLpYNWi31G0uMxEwg4xAY8OpSb5GTtZcWfl5ijFbARjwK-beXwL4lzQU9g1OW43U6w4-4GK5IAd3_b8YjaIIai9sIcWk0bKQNZ1XNPSR3V7AkFNjsN6FnXmjBtd0384pUTD7ACwvQEV2XM6PLSJiwVdtLL3el2OToKyMKdgXn8=; https://vertexaisearch.cloud.google.com/grounding-api-redirect/AUZIYQHDeh_j1FKctLdgYMRMeXbT5nO6nUILTbsSofdSvc7dw05emAmvxxKx4LaRjCY_7R1xrIzS0Y_5SuBanqoIqGZamKaIfSQfQjAuB-pCAKlKdkxCMwwxlvEnkIQp6_wCmlevai8z__MYJoyFplCZkBwwAMAp81l8SYayOmQXacNgWJ7rb7RQByZ-1iwMuuCCY726RLuxn4hFo1LZCUmcHEd9oA==,"Not yet reviewed - AI discovery/scoring only, no due-diligence screen performed",,Needs Verification,https://vertexaisearch.cloud.google.com/grounding-api-redirect/AUZIYQEKJdd8DG80v29LApPOz_tJ4XkS7Wd3odlRLIJ4WCKPOQ-WD_QCqeLGHbIouGYNJV0liq5MTvJVh9mOKfvyRvwPCPWcql_e3BAmlfX2BPw6_qcp9-dJGMY3MkEbBoiS0MEO4UVopN5wfzJwxv54VKRRq-qmc-av6Am8bNQMmgjuaUZZYJqzDziZ2RgsF69Pkd-gU3sf; https://vertexaisearch.cloud.google.com/grounding-api-redirect/AUZIYQGCIDNis8DRmL9ALi-CEF2Fygl4NaPEjXvtq7s6P1HRi67K6kLpYNWi31G0uMxEwg4xAY8OpSb5GTtZcWfl5ijFbARjwK-beXwL4lzQU9g1OW43U6w4-4GK5IAd3_b8YjaIIai9sIcWk0bKQNZ1XNPSR3V7AkFNjsN6FnXmjBtd0384pUTD7ACwvQEV2XM6PLSJiwVdtLL3el2OToKyMKdgXn8=; https://vertexaisearch.cloud.google.com/grounding-api-redirect/AUZIYQHDeh_j1FKctLdgYMRMeXbT5nO6nUILTbsSofdSvc7dw05emAmvxxKx4LaRjCY_7R1xrIzS0Y_5SuBanqoIqGZamKaIfSQfQjAuB-pCAKlKdkxCMwwxlvEnkIQp6_wCmlevai8z__MYJoyFplCZkBwwAMAp81l8SYayOmQXacNgWJ7rb7RQByZ-1iwMuuCCY726RLuxn4hFo1LZCUmcHEd9oA==,,2026-07-09_0937,luxembourg_2026-07-09_0937.json,
Family Office,,Luxembourg,,Sofina S.A.,,"Global (with focus on North America, Europe, Asia, emerging markets)","Brussels, Belgium (headquarters), with office in Luxembourg",,Private Equity; Venture Capital; Growth Capital; Digital Transformation; Consumer & Retail; Education; Healthcare; Life Sciences; Sustainable Supply Chains; Energy; Services; E-commerce; Industrial Platforms; Finance,,,,,20,14,10,0,0.0,0.0,44.0,Not currently suitable,Low,Identified,"Indicative scored - AI generated, review required",https://vertexaisearch.cloud.google.com/grounding-api-redirect/AUZIYQEFB2AbJy4gzQvTdK2mo3nyv_K5pUeONqZk2AO2LG5HXnHfkOQorkzgB8my3Kloj8em1RVuKhTFT0nmB0u7Gdsr1bvLXGpV_wc-54LVoocnjpQBmvONSAb5aMgBSw9JUg=; https://vertexaisearch.cloud.google.com/grounding-api-redirect/AUZIYQF-ayX66AlgVKk_Vff5eRFtBCwZmdz42r6OjDCwN60EqBRarafpifiVe1BrnCzNKolj2Od-gFsHu2hE8rkzhh6oTvUyiFndLf8ia_4FXoiAgcFDouGCll4ELfVePGtkN1-nSCSnzLN7BBJrhpTBNjUrh2qrwQ=; https://vertexaisearch.cloud.google.com/grounding-api-redirect/AUZIYQH1TrTE4KZp-WX5DfA4UIe4UU3616n2mmb5JeRTvCg0dq6j4ChyfrwMs208Y4rq9NKpAd2kDbh7LQYNKLa_W0eK0ELOZuw6sLBDpOgMsb_YBSwXwj-jI5RrdWjcO8MJDjGDIib9BYvFv-7yQgCvaffxbR7lkZj88WDAS7bAMSD3keRgd9o36WM7E7T2; https://vertexaisearch.cloud.google.com/grounding-api-redirect/AUZIYQHXmMe1hFsvwpXU-gAnTZda5XrRILWQARD182vkHj3l9yrpOHBO0JcBVTEfC5Quv0DvtTBVqip_Ig0ZCa3otoAalimDc7kma1XbJcCctQTIF8hasq932N6NTEcyAXoF1vK_-FLA1fET9hU=; https://vertexaisearch.cloud.google.com/grounding-api-redirect/AUZIYQHattNmzW8pqgeYSX9gx_geXoBrjmEiC-q2ZIjSKO7S2sPNLid5IYRenwdfSaUrp7JFCqPHOBvMD-PTZzKPK4qWXrMXM3wFgooxOMyaCVEwAzm5WEVikcHmhaGxgzNl9i_VTUfCGzl7heECSeLJibtF_0VSC3Q=,"Not yet reviewed - AI discovery/scoring only, no due-diligence screen performed",info@sofinagroup.com,Found,https://vertexaisearch.cloud.google.com/grounding-api-redirect/AUZIYQEFB2AbJy4gzQvTdK2mo3nyv_K5pUeONqZk2AO2LG5HXnHfkOQorkzgB8my3Kloj8em1RVuKhTFT0nmB0u7Gdsr1bvLXGpV_wc-54LVoocnjpQBmvONSAb5aMgBSw9JUg=; https://vertexaisearch.cloud.google.com/grounding-api-redirect/AUZIYQF-ayX66AlgVKk_Vff5eRFtBCwZmdz42r6OjDCwN60EqBRarafpifiVe1BrnCzNKolj2Od-gFsHu2hE8rkzhh6oTvUyiFndLf8ia_4FXoiAgcFDouGCll4ELfVePGtkN1-nSCSnzLN7BBJrhpTBNjUrh2qrwQ=; https://vertexaisearch.cloud.google.com/grounding-api-redirect/AUZIYQH1TrTE4KZp-WX5DfA4UIe4UU3616n2mmb5JeRTvCg0dq6j4ChyfrwMs208Y4rq9NKpAd2kDbh7LQYNKLa_W0eK0ELOZuw6sLBDpOgMsb_YBSwXwj-jI5RrdWjcO8MJDjGDIib9BYvFv-7yQgCvaffxbR7lkZj88WDAS7bAMSD3keRgd9o36WM7E7T2; https://vertexaisearch.cloud.google.com/grounding-api-redirect/AUZIYQHXmMe1hFsvwpXU-gAnTZda5XrRILWQARD182vkHj3l9yrpOHBO0JcBVTEfC5Quv0DvtTBVqip_Ig0ZCa3otoAalimDc7kma1XbJcCctQTIF8hasq932N6NTEcyAXoF1vK_-FLA1fET9hU=; https://vertexaisearch.cloud.google.com/grounding-api-redirect/AUZIYQHattNmzW8pqgeYSX9gx_geXoBrjmEiC-q2ZIjSKO7S2sPNLid5IYRenwdfSaUrp7JFCqPHOBvMD-PTZzKPK4qWXrMXM3wFgooxOMyaCVEwAzm5WEVikcHmhaGxgzNl9i_VTUfCGzl7heECSeLJibtF_0VSC3Q=,,2026-07-09_0937,luxembourg_2026-07-09_0937.json,
Family Office,,Luxembourg,,Stonehage Fleming,,Global (with Luxembourg office),"Luxembourg, L-2134 Luxembourg",,Multi-Family Office Services; Wealth Planning; Investments; Real Estate; Private Equity,,,,,20,8,15,0,0.0,0.0,43.0,Not currently suitable,Low,Identified,"Indicative scored - AI generated, review required",https://vertexaisearch.cloud.google.com/grounding-api-redirect/AUZIYQGHanUlEBpndCqaOlj8Dv6LbDBb0hwxN7aOwnnuUseQrlK251Vx7o_qz-P0jHuFmJPcOSrkpXjhZlrYbSEp0DwDskyW36wquq0vHFM-42fYZVdrguKzAF3x9Ic3_JUWy1QEh65itPsNoVMmIg-QQ8MGZRkUcXejaRdmCEiTyNRTNEpqaHwtBctPc0_ovgto0ITYzX87TSwLeywfiYBIOBBZKzI=; https://vertexaisearch.cloud.google.com/grounding-api-redirect/AUZIYQHtNvOXIsJTYxOeGy1hPJTH5d-52Fi1H9FXul1nuzHKOcY6s8r0MqQyNOc4m358N4cS_9wF8ubf-tiBxAUlIQcOeLspUrkT4-y_w1IJWjdTNfz_d2cf7T5AJthvwRLgnVrs3zHSYSr7R5V9; https://vertexaisearch.cloud.google.com/grounding-api-redirect/AUZIYQEH8A7VPw37MMMHL3qmRdfSdns91geF02mgfJz7LItiYm6L2Ygh_NjVgUSkGQUqz4OYaMbsvjJhr_KqsFk8RUZsutrZfebzWUeU3v19FqPb3ff8DhheuzSZoY0fOxoRveNLOYbMkBIkgUZqYgGj0k6w8DJMGDab; https://vertexaisearch.cloud.google.com/grounding-api-redirect/AUZIYQE3t-AI64YIHHskvbBA9Pp-2bnevnKZAnkecxJMi19j8iVgw0XxItSN73R2K9IP5mcSP_NdTrON-Rtru-V1uF3R3NQv_tw_UTuEZZyx6iZ0TYmcHQSNoK45r79CNcT7EkjhAx_bONF8vxoYrpkrL518B3jag1rMF-rhrmCdFCOmuoVYl4WuNICyTDpR8TyxP-nID5FFnFJXQrQ4CEv60ycF6A=,"Not yet reviewed - AI discovery/scoring only, no due-diligence screen performed",,Needs Verification,https://vertexaisearch.cloud.google.com/grounding-api-redirect/AUZIYQGHanUlEBpndCqaOlj8Dv6LbDBb0hwxN7aOwnnuUseQrlK251Vx7o_qz-P0jHuFmJPcOSrkpXjhZlrYbSEp0DwDskyW36wquq0vHFM-42fYZVdrguKzAF3x9Ic3_JUWy1QEh65itPsNoVMmIg-QQ8MGZRkUcXejaRdmCEiTyNRTNEpqaHwtBctPc0_ovgto0ITYzX87TSwLeywfiYBIOBBZKzI=; https://vertexaisearch.cloud.google.com/grounding-api-redirect/AUZIYQHtNvOXIsJTYxOeGy1hPJTH5d-52Fi1H9FXul1nuzHKOcY6s8r0MqQyNOc4m358N4cS_9wF8ubf-tiBxAUlIQcOeLspUrkT4-y_w1IJWjdTNfz_d2cf7T5AJthvwRLgnVrs3zHSYSr7R5V9; https://vertexaisearch.cloud.google.com/grounding-api-redirect/AUZIYQEH8A7VPw37MMMHL3qmRdfSdns91geF02mgfJz7LItiYm6L2Ygh_NjVgUSkGQUqz4OYaMbsvjJhr_KqsFk8RUZsutrZfebzWUeU3v19FqPb3ff8DhheuzSZoY0fOxoRveNLOYbMkBIkgUZqYgGj0k6w8DJMGDab; https://vertexaisearch.cloud.google.com/grounding-api-redirect/AUZIYQE3t-AI64YIHHskvbBA9Pp-2bnevnKZAnkecxJMi19j8iVgw0XxItSN73R2K9IP5mcSP_NdTrON-Rtru-V1uF3R3NQv_tw_UTuEZZyx6iZ0TYmcHQSNoK45r79CNcT7EkjhAx_bONF8vxoYrpkrL518B3jag1rMF-rhrmCdFCOmuoVYl4WuNICyTDpR8TyxP-nID5FFnFJXQrQ4CEv60ycF6A=,,2026-07-09_0937,luxembourg_2026-07-09_0937.json,
Family Office,,Luxembourg,,Borletti Group,,Luxembourg (primary activity is likely global from Luxembourg),"Luxembourg, Luxembourg",,Consumer & Retail; Real Estate & Construction,,,,,20,14,5,0,0.0,0.0,39.0,Not currently suitable,Low,Identified,"Indicative scored - AI generated, review required",https://vertexaisearch.cloud.google.com/grounding-api-redirect/AUZIYQFP1S1M6OY6mpIcFtgU2Fc-zVjPTBqNKYGu01ZBiQdQhppuJXZSD-x0w-wPOSWWS7kQVZH6no-JaXSexS9bR5A6DZImNuFxCjbR8HxiiGbuzJ5gHvu-V6gIRDTsfIL_BZLm2l4BTnnknDgk96gjkPzG7ghmDDXwtb6IYeULCTas_B_HSAi; https://vertexaisearch.cloud.google.com/grounding-api-redirect/AUZIYQEtml9d59TXpdAUM-ikDei8Ynt5fic3Ux0jNcdBhh-YYL9649e_EV4S9xSUEekN0hvBffptFbg7evuZRvqlG3W_sVM4EsvhBUek9gjPOdNSZZdWd81uuD23uSALQJmOyxlw4xTbXNMVXh7ClDARBU4Ia-U_gvR_lWmljBkAzqkY6bqI=,"Not yet reviewed - AI discovery/scoring only, no due-diligence screen performed",,Needs Verification,https://vertexaisearch.cloud.google.com/grounding-api-redirect/AUZIYQFP1S1M6OY6mpIcFtgU2Fc-zVjPTBqNKYGu01ZBiQdQhppuJXZSD-x0w-wPOSWWS7kQVZH6no-JaXSexS9bR5A6DZImNuFxCjbR8HxiiGbuzJ5gHvu-V6gIRDTsfIL_BZLm2l4BTnnknDgk96gjkPzG7ghmDDXwtb6IYeULCTas_B_HSAi; https://vertexaisearch.cloud.google.com/grounding-api-redirect/AUZIYQEtml9d59TXpdAUM-ikDei8Ynt5fic3Ux0jNcdBhh-YYL9649e_EV4S9xSUEekN0hvBffptFbg7evuZRvqlG3W_sVM4EsvhBUek9gjPOdNSZZdWd81uuD23uSALQJmOyxlw4xTbXNMVXh7ClDARBU4Ia-U_gvR_lWmljBkAzqkY6bqI=,,2026-07-09_0937,luxembourg_2026-07-09_0937.json,
Family Office,,Singapore,,Pontiac Land Group,,"Singapore, New York, Sydney, Maldives, with interests in the UK, Japan, and selective Southeast Asian countries.",Singapore (Headquarters).,,Luxury real estate; Hospitality; Commercial property; Retail property; Residential property; Medical office properties; Property development; Long-term asset management,,,,,14,14,5,0,0.0,1.66,34.66,Not currently suitable,Low,Identified,"Indicative scored - AI generated, review required",https://vertexaisearch.cloud.google.com/grounding-api-redirect/AUZIYQGyeTYebpicNRucyLdBgszUHEP7UiAHt6S_90OKmSTIZ3RhyKdTpd3GsiqBcLl2Oy5tk5Ngo1aJ4YoM3i6vCT8ELoqqR4g3xfQaNYnDhOA46izHNbdOvCP9OPWF7EKKyGAc7EojraXks90_fUDNcHJK02Uyzs8gElTqJ3Ag2VON3DCDokoot2AQL50Pl0X5m9nVn77XdIXxwegNMdXf2V2UKvZiTTANGVMg1rygELIiQMEavTbWGaUBQi69LFDqvgXtwinJ2Z-WfwPETyW9yQ==; https://vertexaisearch.cloud.google.com/grounding-api-redirect/AUZIYQHLoUL_ShVxs8wB88FcBVPV1s-9oIL1ZhrvH6uR__lunZ8pmqz36MD_hCopw5QRwKs_PD1BVbDDuB-AL08SGlk2KEDOYi0SWCeslMqI2tRS7NfGSqoyyrxfi_N-dBo6HbjFEoZGfb2qB9Sx888=; https://vertexaisearch.cloud.google.com/grounding-api-redirect/AUZIYQHtExP71QoMavRLd75K1GCwsN0avv4mGkAWIBsrAPEWQ_K9fUpeBaQ8C8Kpe7bw-gUToPjT7VgFEjcsbkIDE-WwpoKGpzm-UfCb4NHWF1WqFum1JNFGyOXki5D8r0IjDxCzo3e7E4UULBDzK6FCCSMXSjHkG-BUcU91Ereps5mJD9YWlC1xF1hAyTWHx1U1Dz7dn-dqqxgzetoQrUrHKDuGMF116AG-dihAiVQuvQ==; https://vertexaisearch.cloud.google.com/grounding-api-redirect/AUZIYQHG_yYL-sOPQOKYk3zFP0A733-iA7DerH2GVAvKMx7N-nLIv5-Ilq-PcHdLr-gPLsErPaImcGwAcnie_KEhcUq66VYfeaBeGZeXI0hBFYAWBhZIasmhhViV0zJSG6vtzxjCTcD1lKAAGZ_n83pSox9ea0Z5slkS; https://vertexaisearch.cloud.google.com/grounding-api-redirect/AUZIYQEPC4eoeUIZk5L6fTjKMSGjfaXaNQNGrtzS-KMjrYSO22UpN6EodB7gC-uz6pIANsqIY0rIldRoTXy5XYiycPCDfYZpN24TiFUg2PYtqsvvsP1bfINhuz9BGc-ppJ_Yg8kpng==,"Not yet reviewed - AI discovery/scoring only, no due-diligence screen performed",,Needs Verification,https://vertexaisearch.cloud.google.com/grounding-api-redirect/AUZIYQGyeTYebpicNRucyLdBgszUHEP7UiAHt6S_90OKmSTIZ3RhyKdTpd3GsiqBcLl2Oy5tk5Ngo1aJ4YoM3i6vCT8ELoqqR4g3xfQaNYnDhOA46izHNbdOvCP9OPWF7EKKyGAc7EojraXks90_fUDNcHJK02Uyzs8gElTqJ3Ag2VON3DCDokoot2AQL50Pl0X5m9nVn77XdIXxwegNMdXf2V2UKvZiTTANGVMg1rygELIiQMEavTbWGaUBQi69LFDqvgXtwinJ2Z-WfwPETyW9yQ==; https://vertexaisearch.cloud.google.com/grounding-api-redirect/AUZIYQHLoUL_ShVxs8wB88FcBVPV1s-9oIL1ZhrvH6uR__lunZ8pmqz36MD_hCopw5QRwKs_PD1BVbDDuB-AL08SGlk2KEDOYi0SWCeslMqI2tRS7NfGSqoyyrxfi_N-dBo6HbjFEoZGfb2qB9Sx888=; https://vertexaisearch.cloud.google.com/grounding-api-redirect/AUZIYQHtExP71QoMavRLd75K1GCwsN0avv4mGkAWIBsrAPEWQ_K9fUpeBaQ8C8Kpe7bw-gUToPjT7VgFEjcsbkIDE-WwpoKGpzm-UfCb4NHWF1WqFum1JNFGyOXki5D8r0IjDxCzo3e7E4UULBDzK6FCCSMXSjHkG-BUcU91Ereps5mJD9YWlC1xF1hAyTWHx1U1Dz7dn-dqqxgzetoQrUrHKDuGMF116AG-dihAiVQuvQ==; https://vertexaisearch.cloud.google.com/grounding-api-redirect/AUZIYQHG_yYL-sOPQOKYk3zFP0A733-iA7DerH2GVAvKMx7N-nLIv5-Ilq-PcHdLr-gPLsErPaImcGwAcnie_KEhcUq66VYfeaBeGZeXI0hBFYAWBhZIasmhhViV0zJSG6vtzxjCTcD1lKAAGZ_n83pSox9ea0Z5slkS; https://vertexaisearch.cloud.google.com/grounding-api-redirect/AUZIYQEPC4eoeUIZk5L6fTjKMSGjfaXaNQNGrtzS-KMjrYSO22UpN6EodB7gC-uz6pIANsqIY0rIldRoTXy5XYiycPCDfYZpN24TiFUg2PYtqsvvsP1bfINhuz9BGc-ppJ_Yg8kpng==,,2026-07-09_0905,singapore_2026-07-09_0905.json,
Family Office,,Luxembourg,,Luxempart,,"Luxembourg, Germany, France (with investments in European and US funds)",Luxembourg,,Private Equity; Buyout; Growth Capital; Venture Capital; Secondaries,,,,,14,8,10,0,0.0,0.0,32.0,Not currently suitable,Low,Identified,"Indicative scored - AI generated, review required",https://vertexaisearch.cloud.google.com/grounding-api-redirect/AUZIYQHXmMe1hFsvwpXU-gAnTZda5XrRILWQARD182vkHj3l9yrpOHBO0JcBVTEfC5Quv0DvtTBVqip_Ig0ZCa3otoAalimDc7kma1XbJcCctQTIF8hasq932N6NTEcyAXoF1vK_-FLA1fET9hU=,"Not yet reviewed - AI discovery/scoring only, no due-diligence screen performed",,Needs Verification,https://vertexaisearch.cloud.google.com/grounding-api-redirect/AUZIYQHXmMe1hFsvwpXU-gAnTZda5XrRILWQARD182vkHj3l9yrpOHBO0JcBVTEfC5Quv0DvtTBVqip_Ig0ZCa3otoAalimDc7kma1XbJcCctQTIF8hasq932N6NTEcyAXoF1vK_-FLA1fET9hU=,,2026-07-09_0937,luxembourg_2026-07-09_0937.json,
Family Office,,Luxembourg,,Saphir Capital Partners,,"Europe (concentrated in Benelux, DACH, French markets)","Luxembourg, Strassen",,Private Equity; Buyout; Growth Capital; Restructuring; Turnaround; Agri & Food; Financial Services; Manufacturing Industry; Marketing; Proptech; Industrial Development; Aviation; Real Estate; Technology,,,,,0,8,5,0,1.65,5.61,20.26,Not currently suitable,Low,Identified,"Indicative scored - AI generated, review required",https://vertexaisearch.cloud.google.com/grounding-api-redirect/AUZIYQF_kaAiTLSlSFogqGYodV5M20tylBfAuWRqkqgTPAWrMb6TXC7Mw4qx5_aDgj8bS6Cda0Na6kGaCt39WGIeP3gxEiZ6dmJ5VhUw_Wylgp8NucdwP_QI07b6RZsrxucwpAwjn4spKYXEDEuc6AY=; https://vertexaisearch.cloud.google.com/grounding-api-redirect/AUZIYQEwHpGC4vDNQeJXWjMI7ho3UbmGn-u9Vze8p7WTx8_MgFzrdNP-oDtsKXdqHjdY7hr9gY7Ewm1iC6zVtVmjIVRLF9wLF9oHiogpxW2Ylp5dacsd8V3yWMEMvaBmV47QzhFSbdEcKHSWNuUQq9tlUUC8hsQLFij_ooMvgRwINQNkZxDg1fn-ViI1nNT5ZSLMu6J7H6TsAR-WtSzHnWyuKh5_lT4=; https://vertexaisearch.cloud.google.com/grounding-api-redirect/AUZIYQHBR9WCHh85TI1E0LcFtj_vEtXXI-CMQGlQW9zoxGXiHyDCbfge5nikhLXYtxLMBcFH2iW3FoFykwldlpc5H4YRAr6tTp3A6xjlNm4GfX-MOVVbAH1QJiRY63IM3J0tpY3egC7VcuXQtRRua8ls9YJkY2L1viw5fGU=; https://vertexaisearch.cloud.google.com/grounding-api-redirect/AUZIYQEkpla-s0_30zEpPb2Y6kh6xGAo6jmGr5hLCCC0w3cPyzP3-b9qJRvzH21Qqv-e0BWNExqlNXKPAxV1WjivIQK2Xudvcws_7mCSg6MZr7AVG6J2Q1SE90yjtyuwzIpl-qPcAHwyqjniyLd23syMvD3o0JK9Jz2tIg==,"Not yet reviewed - AI discovery/scoring only, no due-diligence screen performed",,Needs Verification,https://vertexaisearch.cloud.google.com/grounding-api-redirect/AUZIYQF_kaAiTLSlSFogqGYodV5M20tylBfAuWRqkqgTPAWrMb6TXC7Mw4qx5_aDgj8bS6Cda0Na6kGaCt39WGIeP3gxEiZ6dmJ5VhUw_Wylgp8NucdwP_QI07b6RZsrxucwpAwjn4spKYXEDEuc6AY=; https://vertexaisearch.cloud.google.com/grounding-api-redirect/AUZIYQEwHpGC4vDNQeJXWjMI7ho3UbmGn-u9Vze8p7WTx8_MgFzrdNP-oDtsKXdqHjdY7hr9gY7Ewm1iC6zVtVmjIVRLF9wLF9oHiogpxW2Ylp5dacsd8V3yWMEMvaBmV47QzhFSbdEcKHSWNuUQq9tlUUC8hsQLFij_ooMvgRwINQNkZxDg1fn-ViI1nNT5ZSLMu6J7H6TsAR-WtSzHnWyuKh5_lT4=; https://vertexaisearch.cloud.google.com/grounding-api-redirect/AUZIYQHBR9WCHh85TI1E0LcFtj_vEtXXI-CMQGlQW9zoxGXiHyDCbfge5nikhLXYtxLMBcFH2iW3FoFykwldlpc5H4YRAr6tTp3A6xjlNm4GfX-MOVVbAH1QJiRY63IM3J0tpY3egC7VcuXQtRRua8ls9YJkY2L1viw5fGU=; https://vertexaisearch.cloud.google.com/grounding-api-redirect/AUZIYQEkpla-s0_30zEpPb2Y6kh6xGAo6jmGr5hLCCC0w3cPyzP3-b9qJRvzH21Qqv-e0BWNExqlNXKPAxV1WjivIQK2Xudvcws_7mCSg6MZr7AVG6J2Q1SE90yjtyuwzIpl-qPcAHwyqjniyLd23syMvD3o0JK9Jz2tIg==,,2026-07-09_0937,luxembourg_2026-07-09_0937.json,
